,CS,TYW,NWPTC,FT,NE,SWF,HRD,HRH,PRD,PRH
20130101,0,0.0,1,0,0,0,1,0,44.5,6.0
20130102,0,0.0,1,0,1,0,0,0,17.0,6.0
20130103,0,0.0,1,0,1,0,1,1,118.0,12.5
20130104,0,0.0,1,0,1,0,1,0,90.0,8.5
20130105,0,0.0,1,0,1,0,1,1,116.5,16.0
20130106,0,0.0,1,0,1,0,1,0,62.0,9.0
20130107,0,0.0,1,0,1,0,1,0,71.5,6.0
20130108,0,0.0,1,1,1,0,1,0,99.0,9.5
20130109,0,0.0,1,0,1,0,1,0,112.0,9.5
20130110,0,0.0,1,0,1,0,1,0,72.0,8.0
20130111,0,0.0,0,0,1,0,1,1,45.0,11.0
20130112,0,0.0,0,1,1,0,1,1,137.0,26.5
20130113,0,0.0,0,1,0,0,1,1,63.5,18.5
20130114,0,0.0,0,0,1,0,0,0,1.0,0.5
20130115,0,0.0,0,0,0,0,0,0,0.0,0.0
20130116,0,0.0,0,0,1,0,1,1,56.5,14.5
20130117,0,0.0,0,0,1,0,0,0,37.0,4.0
20130118,0,0.0,0,0,1,0,0,0,1.5,0.5
20130119,0,0.0,0,0,0,0,0,0,1.5,1.5
20130120,0,0.0,0,0,0,0,0,0,2.0,2.0
20130121,0,0.0,0,0,0,0,0,0,1.0,0.5
20130122,0,0.0,0,0,1,0,0,0,11.5,2.5
20130123,0,0.0,0,0,1,0,0,0,17.0,3.0
20130124,0,0.0,0,0,1,0,0,0,3.5,3.5
20130125,0,0.0,0,0,1,0,0,0,13.0,5.0
20130126,0,0.0,0,0,1,0,0,0,8.5,2.5
20130127,0,0.0,0,0,1,0,0,0,11.0,3.5
20130128,0,0.0,0,0,0,0,0,0,0.5,0.5
20130129,0,0.0,0,0,0,0,0,0,0.5,0.5
20130130,0,0.0,0,0,0,0,0,0,0.0,0.0
20130131,0,0.0,0,0,0,0,0,0,0.0,0.0
20130201,0,0.0,0,0,0,0,0,0,0.0,0.0
20130202,0,0.0,0,0,1,0,0,0,32.0,5.5
20130203,0,0.0,0,1,0,0,0,0,29.5,6.0
20130204,0,0.0,0,0,0,0,0,0,5.5,4.0
20130205,0,0.0,0,1,0,0,0,0,4.0,1.5
20130206,0,0.0,0,1,1,0,0,0,17.5,3.5
20130207,0,0.0,0,1,1,0,1,1,108.5,21.5
20130208,0,0.0,0,0,1,0,1,0,114.0,9.5
20130209,0,0.0,0,0,1,0,1,0,45.5,5.5
20130210,0,0.0,0,0,1,0,1,0,78.5,6.0
20130211,0,0.0,0,0,1,0,1,0,116.5,8.0
20130212,0,0.0,0,1,1,0,0,0,34.5,6.0
20130213,0,0.0,0,0,0,0,1,0,43.0,6.5
20130214,0,0.0,0,0,0,0,0,0,0.0,0.0
20130215,0,0.0,0,1,1,0,1,0,63.0,9.0
20130216,0,0.0,0,0,0,0,0,0,10.5,2.5
20130217,0,0.0,0,0,0,0,0,0,10.0,2.5
20130218,0,0.0,1,0,0,0,0,0,0.0,0.0
20130219,0,0.0,1,1,1,0,1,0,64.0,9.0
20130220,0,0.0,1,0,1,0,0,0,36.0,5.0
20130221,0,0.0,1,0,1,0,1,1,72.0,13.5
20130222,0,0.0,1,1,1,0,1,0,90.0,9.0
20130223,0,0.0,1,0,1,0,0,0,34.0,6.5
20130224,0,0.0,0,0,0,0,0,0,24.0,6.0
20130225,0,0.0,0,0,0,0,0,0,0.5,0.5
20130226,0,0.0,0,0,0,0,0,0,0.0,0.0
20130227,0,0.0,0,1,1,0,1,1,72.0,14.0
20130228,0,0.0,0,0,0,0,0,0,1.5,0.5
20130301,0,0.0,0,0,1,0,0,0,23.5,7.0
20130302,0,0.0,0,0,1,0,1,0,66.0,9.0
20130303,0,0.0,0,0,1,0,0,0,5.0,1.0
20130304,0,0.0,0,0,1,0,0,0,0.5,0.5
20130305,0,0.0,0,0,0,0,0,0,0.0,0.0
20130306,0,0.0,0,0,0,0,0,0,0.0,0.0
20130307,0,0.0,0,0,0,0,0,0,0.0,0.0
20130308,0,0.0,0,0,0,0,0,0,0.0,0.0
20130309,0,0.0,0,0,0,0,0,0,0.0,0.0
20130310,0,0.0,0,0,1,0,0,0,3.5,1.0
20130311,0,0.0,0,0,1,0,0,0,1.0,0.5
20130312,0,0.0,0,0,0,0,0,0,0.5,0.5
20130313,0,0.0,0,1,0,0,0,0,13.0,3.5
20130314,0,0.0,0,0,1,0,0,0,13.5,2.5
20130315,0,0.0,0,0,0,0,0,0,14.5,5.5
20130316,0,0.0,0,0,0,0,0,0,0.5,0.5
20130317,0,0.0,0,0,0,0,0,0,0.5,0.5
20130318,0,0.0,0,1,0,0,0,0,1.5,0.5
20130319,0,0.0,0,0,0,0,0,0,4.0,2.5
20130320,0,0.0,0,1,1,0,0,0,7.0,4.0
20130321,0,0.0,0,0,0,0,0,0,24.5,3.5
20130322,0,0.0,0,0,0,0,0,0,0.0,0.0
20130323,0,0.0,0,0,0,0,0,0,0.0,0.0
20130324,0,0.0,0,1,0,0,0,0,15.5,6.5
20130325,0,0.0,0,0,1,0,0,0,8.5,2.5
20130326,0,0.0,0,0,0,0,0,0,10.0,5.5
20130327,0,0.0,0,1,1,0,0,0,12.0,3.5
20130328,0,0.0,0,1,1,0,0,1,30.5,22.5
20130329,0,0.0,0,0,1,0,0,0,22.5,5.0
20130330,0,0.0,0,0,1,0,0,1,23.5,12.0
20130331,0,0.0,0,1,1,0,1,0,52.0,8.0
20130401,0,0.0,0,1,0,0,1,1,40.0,19.5
20130402,0,0.0,0,1,1,0,0,1,14.5,10.5
20130403,0,0.0,0,0,0,0,0,1,31.0,17.0
20130404,0,0.0,0,0,0,0,0,0,21.0,9.0
20130405,0,0.0,0,1,0,0,1,1,64.0,20.0
20130406,0,0.0,0,1,0,0,0,0,23.0,7.0
20130407,0,0.0,0,0,0,0,0,0,0.5,0.5
20130408,0,0.0,0,0,0,0,0,0,0.0,0.0
20130409,0,0.0,0,1,1,0,0,0,23.0,9.5
20130410,0,0.0,0,0,1,0,0,0,10.0,7.0
20130411,0,0.0,0,0,1,0,1,0,49.0,6.5
20130412,0,0.0,0,0,0,0,1,0,45.5,8.0
20130413,0,0.0,0,0,0,0,0,0,5.5,2.0
20130414,0,0.0,0,1,0,0,0,0,25.0,9.0
20130415,0,0.0,0,0,0,0,0,0,0.5,0.5
20130416,0,0.0,0,0,0,0,0,0,0.5,0.5
20130417,0,0.0,0,0,0,0,0,0,0.5,0.5
20130418,0,0.0,0,0,0,0,0,1,26.0,22.0
20130419,0,0.0,0,1,1,0,0,1,29.0,13.0
20130420,0,0.0,0,0,0,0,0,0,26.0,8.0
20130421,0,0.0,0,0,1,0,0,0,34.0,4.0
20130422,0,0.0,0,0,0,0,0,0,1.5,0.5
20130423,0,0.0,0,0,0,0,0,0,0.5,0.5
20130424,0,0.0,0,1,0,0,0,0,15.5,7.5
20130425,0,0.0,0,1,1,0,0,0,20.0,7.0
20130426,0,0.0,0,1,0,0,0,0,5.0,5.0
20130427,0,0.0,0,0,0,0,0,1,39.5,13.5
20130428,0,0.0,0,0,0,0,0,0,7.5,6.5
20130429,0,0.0,0,0,0,0,0,0,0.5,0.5
20130430,0,0.0,0,0,1,0,1,1,79.0,27.5
20130501,0,0.0,0,1,1,1,1,1,61.0,12.0
20130502,0,0.0,0,0,1,1,0,0,0.5,0.5
20130503,0,0.0,0,0,0,1,0,0,1.0,0.5
20130504,0,0.0,0,0,0,1,0,0,8.5,2.5
20130505,0,0.0,0,1,0,1,0,1,25.5,12.0
20130506,0,0.0,0,0,0,0,0,1,39.0,38.0
20130507,0,0.0,0,0,0,0,0,1,33.0,17.0
20130508,0,0.0,0,0,0,1,0,0,15.0,9.5
20130509,0,0.0,0,0,0,1,0,0,1.5,1.0
20130510,0,0.0,0,1,0,1,0,1,20.0,12.5
20130511,0,0.0,0,1,1,1,1,1,290.5,52.0
20130512,0,0.0,0,1,0,1,1,1,75.0,26.0
20130513,0,0.0,0,1,0,1,0,1,14.5,11.0
20130514,0,0.0,0,0,0,1,0,0,8.0,8.0
20130515,0,0.0,0,0,0,1,1,1,46.5,23.5
20130516,0,0.0,0,1,0,1,0,0,8.5,4.0
20130517,0,0.0,0,1,0,1,1,1,42.5,33.5
20130518,0,0.0,0,0,0,1,0,0,2.5,1.0
20130519,0,0.0,0,1,0,1,0,0,9.0,9.0
20130520,0,0.0,0,1,0,1,1,1,59.5,30.5
20130521,0,0.0,0,1,0,1,1,1,63.0,30.0
20130522,0,0.0,0,1,0,1,1,1,51.5,38.5
20130523,0,0.0,0,1,0,1,1,1,55.5,48.0
20130524,0,0.0,0,0,0,1,0,1,19.0,10.0
20130525,0,0.0,0,0,0,1,0,0,0.0,0.0
20130526,0,0.0,0,0,0,1,0,0,5.5,5.5
20130527,0,0.0,0,0,0,1,0,1,12.0,11.0
20130528,0,0.0,0,0,0,1,0,0,1.0,0.9
20130529,0,0.0,0,0,0,0,1,1,47.5,36.0
20130530,0,0.0,0,0,0,0,0,1,16.5,15.5
20130531,0,0.0,0,0,0,0,0,0,0.0,0.0
20130601,0,0.0,0,0,0,1,0,0,0.0,0.0
20130602,0,0.0,0,0,0,1,0,0,3.5,2.5
20130603,0,0.0,0,1,0,1,0,0,4.0,3.0
20130604,0,0.0,0,1,0,1,1,1,68.0,39.0
20130605,0,0.0,0,1,0,0,0,1,39.0,26.0
20130606,0,0.0,1,0,0,0,0,1,19.0,19.0
20130607,0,0.0,1,0,0,1,0,1,19.5,16.5
20130608,0,0.0,1,0,0,1,0,0,0.5,0.5
20130609,0,0.0,1,1,0,1,0,1,28.0,11.0
20130610,0,0.0,1,1,0,1,0,1,37.0,21.0
20130611,0,0.0,1,1,0,1,1,1,78.0,33.0
20130612,0,0.0,1,1,0,1,1,1,48.5,31.5
20130613,0,0.0,1,1,0,0,0,0,10.5,9.0
20130614,0,0.0,1,0,0,0,0,1,14.0,10.5
20130615,0,0.0,1,0,0,0,0,0,1.0,0.5
20130616,0,0.0,1,0,0,0,0,0,1.5,1.0
20130617,0,0.0,1,0,0,0,0,0,7.0,4.5
20130618,0,0.0,1,0,0,0,0,1,18.0,18.0
20130619,0,0.0,1,0,0,1,0,0,0.0,0.0
20130620,0,0.0,1,0,0,1,0,0,0.0,0.0
20130621,0,0.0,1,0,0,1,0,1,21.0,20.0
20130622,0,0.0,1,0,0,1,0,0,2.5,1.5
20130623,0,0.0,1,0,0,1,1,1,123.5,69.5
20130624,0,0.0,1,0,0,1,1,1,47.5,31.5
20130625,0,0.0,0,0,0,1,0,0,1.5,1.0
20130626,0,0.0,0,0,0,1,0,0,0.0,0.0
20130627,0,0.0,1,0,0,1,0,0,0.0,0.0
20130628,0,0.0,1,0,0,1,0,0,0.0,0.0
20130629,0,0.0,1,0,0,1,0,0,2.0,2.0
20130630,0,0.0,1,0,0,0,0,0,0.0,0.0
20130701,0,0.0,1,0,0,0,0,0,0.0,0.0
20130702,0,0.0,1,0,0,1,1,1,81.5,66.5
20130703,0,0.0,0,0,0,0,0,1,19.5,14.5
20130704,0,0.0,0,0,0,0,0,1,13.5,13.5
20130705,0,0.0,0,0,0,1,1,1,59.0,42.0
20130706,0,0.0,1,0,0,1,1,1,135.0,97.5
20130707,0,0.0,1,0,0,1,1,1,69.5,55.5
20130708,0,0.0,1,0,0,0,0,0,8.0,7.5
20130709,0,0.0,1,0,0,1,0,0,0.0,0.0
20130710,0,0.0,1,0,0,1,0,0,0.0,0.0
20130711,0,1.0,1,0,0,0,0,0,0.0,0.0
20130712,0,1.0,1,0,0,0,1,1,141.0,31.5
20130713,0,1.0,1,0,0,1,1,1,257.5,72.0
20130714,0,0.0,1,0,0,1,0,1,22.0,18.5
20130715,0,0.0,1,0,0,0,0,1,30.0,24.5
20130716,0,0.0,1,0,0,0,0,0,0.5,0.5
20130717,0,1.0,1,0,0,0,0,0,8.0,8.0
20130718,0,1.0,1,0,0,0,0,0,4.0,1.0
20130719,0,0.0,1,0,0,0,0,0,1.0,0.5
20130720,0,0.0,0,0,0,0,0,0,0.0,0.0
20130721,0,0.0,0,0,0,0,0,0,0.0,0.0
20130722,0,0.0,0,0,0,0,0,0,0.0,0.0
20130723,0,0.0,0,0,0,0,0,0,0.0,0.0
20130724,0,0.0,0,0,0,1,0,1,14.5,14.5
20130725,0,0.0,0,0,0,1,1,1,102.5,55.5
20130726,0,0.0,0,0,0,1,1,1,57.0,50.0
20130727,0,0.0,0,0,0,1,0,0,11.0,9.5
20130728,0,0.0,1,0,0,1,0,0,0.0,0.0
20130729,0,0.0,1,0,0,0,0,0,0.0,0.0
20130730,0,0.0,1,0,0,0,0,0,18.0,9.5
20130731,0,0.0,1,0,0,0,0,1,14.5,10.5
20130801,0,0.0,1,0,0,0,0,0,3.5,3.0
20130802,0,0.0,1,0,0,1,0,0,7.5,7.5
20130803,0,0.0,1,0,0,1,0,0,0.0,0.0
20130804,0,0.0,0,0,0,0,0,0,2.0,2.0
20130805,0,0.0,1,0,0,0,0,0,0.0,0.0
20130806,0,0.0,1,0,0,0,0,0,10.5,9.5
20130807,0,0.0,1,0,0,0,0,0,0.5,0.5
20130808,0,0.0,1,0,0,0,0,0,0.0,0.0
20130809,0,0.0,1,0,0,0,0,0,0.0,0.0
20130810,0,0.0,1,0,0,0,0,0,2.5,2.5
20130811,0,0.0,1,0,0,0,0,0,0.0,0.0
20130812,0,0.0,1,0,0,0,0,0,0.0,0.0
20130813,0,0.0,1,0,0,1,0,0,0.5,0.5
20130814,0,0.0,1,0,0,1,1,1,117.0,69.0
20130815,0,0.0,1,0,0,1,0,1,18.5,17.5
20130816,0,0.0,1,0,0,1,1,1,51.0,34.5
20130817,0,0.0,1,0,0,1,0,1,25.5,13.5
20130818,0,0.0,1,0,0,1,0,0,0.0,0.0
20130819,0,0.0,1,0,0,1,0,0,0.0,0.0
20130820,0,1.0,1,0,0,1,1,1,225.0,54.5
20130821,0,1.0,1,0,0,1,1,1,357.5,52.5
20130822,0,1.0,1,0,0,1,1,1,83.0,50.0
20130823,0,0.0,1,0,0,1,1,1,194.5,87.0
20130824,0,0.0,1,0,0,1,1,1,76.5,62.5
20130825,0,0.0,1,0,0,0,0,1,36.5,35.0
20130826,0,0.0,1,0,0,0,0,0,0.0,0.0
20130827,0,1.0,1,0,0,1,0,0,0.5,0.5
20130828,0,1.0,1,0,0,1,0,0,11.0,7.0
20130829,0,1.0,1,0,0,1,1,1,174.5,40.5
20130830,0,0.0,1,0,0,1,0,0,8.0,6.0
20130831,0,0.0,1,1,0,1,1,1,291.0,98.0
20130901,0,0.0,1,0,0,1,1,1,178.0,33.5
20130902,0,0.0,1,0,0,1,0,0,0.5,0.5
20130903,0,0.0,1,0,1,1,0,0,0.5,0.5
20130904,0,0.0,1,0,1,1,0,0,0.0,0.0
20130905,0,0.0,1,0,0,0,0,0,0.5,0.5
20130906,0,0.0,0,0,0,0,0,0,0.0,0.0
20130907,0,0.0,0,0,0,0,0,0,0.5,0.5
20130908,0,0.0,0,0,0,0,0,0,1.5,1.0
20130909,0,0.0,0,0,0,0,0,0,0.5,0.5
20130910,0,0.0,0,0,0,0,0,0,0.0,0.0
20130911,0,0.0,1,0,0,0,0,0,2.0,1.5
20130912,0,0.0,1,0,0,0,0,0,7.5,5.0
20130913,0,0.0,1,0,0,0,1,1,50.5,40.0
20130914,0,0.0,1,0,0,0,0,0,0.5,0.5
20130915,0,0.0,1,0,1,0,0,1,33.0,22.0
20130916,0,0.0,1,0,1,0,0,0,0.5,0.5
20130917,0,0.0,1,0,1,0,0,0,2.5,2.0
20130918,0,0.0,1,0,0,0,1,1,150.0,44.5
20130919,0,1.0,1,0,1,0,1,1,54.5,31.0
20130920,0,1.0,1,0,1,0,1,1,138.5,34.0
20130921,0,1.0,1,0,0,0,1,1,181.5,51.5
20130922,0,1.0,1,0,0,1,1,1,125.0,35.0
20130923,0,0.0,1,0,0,1,0,1,39.0,13.5
20130924,0,0.0,1,0,0,0,0,0,1.0,1.0
20130925,0,0.0,1,0,1,0,0,0,13.0,9.5
20130926,0,0.0,1,0,1,0,0,0,14.0,4.5
20130927,0,0.0,1,0,1,0,0,0,7.5,3.5
20130928,0,0.0,1,0,1,0,0,0,11.0,3.5
20130929,0,0.0,1,0,1,0,1,1,57.7,13.5
20130930,0,0.0,1,0,1,0,1,1,114.0,26.0
20131001,0,0.0,1,0,1,0,0,0,30.5,5.0
20131002,0,0.0,1,0,1,0,0,0,5.5,4.0
20131003,0,0.0,1,0,1,0,0,0,19.5,7.5
20131004,0,1.0,1,0,1,0,0,0,26.5,9.0
20131005,0,1.0,1,0,0,0,1,1,173.5,21.0
20131006,0,1.0,1,0,0,0,1,1,276.0,29.5
20131007,0,1.0,1,0,0,0,1,1,41.0,11.0
20131008,0,0.0,1,0,0,0,0,1,33.0,22.0
20131009,0,0.0,1,0,1,0,0,1,36.5,15.0
20131010,0,0.0,1,0,1,0,0,0,16.0,8.0
20131011,0,0.0,1,0,1,0,0,1,34.0,16.0
20131012,0,0.0,1,0,0,0,0,0,28.5,7.5
20131013,0,0.0,1,0,0,0,0,0,6.0,3.5
20131014,0,0.0,1,0,1,0,0,0,4.5,2.0
20131015,0,0.0,1,0,1,0,0,0,7.5,7.0
20131016,0,0.0,1,0,1,0,0,0,2.5,1.0
20131017,0,0.0,1,0,1,0,0,1,30.0,12.0
20131018,0,0.0,1,0,1,0,0,1,23.5,13.5
20131019,0,0.0,1,0,1,0,0,0,16.5,7.0
20131020,0,0.0,1,0,1,0,0,0,24.0,9.0
20131021,0,0.0,1,0,1,0,0,0,34.0,6.5
20131022,0,0.0,1,0,1,0,0,0,6.5,5.5
20131023,0,0.0,1,0,0,0,0,0,23.0,5.5
20131024,0,0.0,1,0,0,0,1,1,59.5,13.5
20131025,0,0.0,1,0,0,0,0,0,0.5,0.5
20131026,0,0.0,1,0,1,0,0,0,1.0,1.0
20131027,0,0.0,1,0,1,0,0,0,3.5,2.5
20131028,0,0.0,1,0,0,0,0,0,3.5,2.5
20131029,0,0.0,1,0,0,0,0,0,1.5,1.5
20131030,0,0.0,1,0,0,0,0,0,9.5,4.5
20131031,0,0.0,1,0,0,0,1,1,48.0,11.0
20131101,0,0.0,1,0,0,0,1,1,126.5,20.5
20131102,0,0.0,1,1,0,0,0,0,5.0,2.5
20131103,0,0.0,1,1,1,0,1,1,139.5,21.5
20131104,0,0.0,1,0,1,0,1,1,224.0,18.0
20131105,0,0.0,1,0,0,0,1,0,89.5,9.5
20131106,0,0.0,1,0,1,0,0,1,31.0,11.5
20131107,0,0.0,1,0,0,0,0,0,17.5,9.0
20131108,0,0.0,1,0,0,0,0,0,1.0,0.5
20131109,0,0.0,1,0,0,0,0,0,15.0,4.0
20131110,0,0.0,1,1,0,0,0,0,8.5,6.5
20131111,0,0.0,1,0,1,0,1,1,116.5,10.0
20131112,0,0.0,1,0,0,0,1,0,61.0,5.5
20131113,0,0.0,1,0,0,0,1,1,87.0,15.5
20131114,0,0.0,1,0,0,0,1,1,52.0,14.0
20131115,0,0.0,1,0,1,0,0,0,38.5,5.3
20131116,0,0.0,1,0,1,0,0,0,21.5,5.0
20131117,0,0.0,1,0,1,0,0,0,0.5,0.5
20131118,0,0.0,1,0,1,0,0,0,0.0,0.0
20131119,0,0.0,1,0,0,0,0,0,0.0,0.0
20131120,0,0.0,1,0,0,0,0,0,0.0,0.0
20131121,0,0.0,1,0,0,0,0,0,5.0,2.0
20131122,0,0.0,1,0,0,0,0,0,18.5,7.0
20131123,0,0.0,1,0,0,0,0,0,0.5,0.5
20131124,0,0.0,1,0,0,0,0,0,10.5,8.5
20131125,0,0.0,1,1,1,0,0,1,37.0,12.0
20131126,0,0.0,1,0,0,0,0,0,0.0,0.0
20131127,0,0.0,1,0,1,0,0,1,37.0,20.0
20131128,0,0.0,1,0,1,0,0,0,17.5,8.5
20131129,0,0.0,1,0,1,0,0,0,0.0,0.0
20131130,0,0.0,0,0,0,0,0,0,0.0,0.0
20131201,0,0.0,0,0,1,0,0,0,0.0,0.0
20131202,0,0.0,1,0,1,0,0,0,0.0,0.0
20131203,0,0.0,1,0,0,0,0,0,0.0,0.0
20131204,0,0.0,1,0,0,0,0,1,14.0,14.0
20131205,0,0.0,0,0,0,0,0,0,9.5,6.5
20131206,0,0.0,0,0,0,0,0,0,15.0,6.9
20131207,0,0.0,0,0,0,0,0,0,16.0,5.0
20131208,0,0.0,0,0,0,0,1,1,66.5,21.5
20131209,0,0.0,0,1,1,0,0,0,11.5,5.0
20131210,0,0.0,0,0,1,0,0,0,1.5,0.5
20131211,0,0.0,0,0,1,0,0,0,0.5,0.5
20131212,0,0.0,0,0,0,0,0,0,10.5,3.5
20131213,0,0.0,0,0,1,0,0,0,12.0,3.0
20131214,0,0.0,0,0,0,0,1,1,86.0,11.0
20131215,0,0.0,0,0,0,0,1,1,178.5,27.0
20131216,0,0.0,0,1,1,0,1,1,80.0,10.0
20131217,0,0.0,0,1,1,0,1,1,171.0,15.5
20131218,0,0.0,0,0,1,0,1,1,89.5,11.5
20131219,0,0.0,0,0,1,0,1,0,40.0,6.0
20131220,0,0.0,0,0,1,0,0,0,30.0,4.5
20131221,0,0.0,0,0,1,0,1,0,61.5,6.5
20131222,0,0.0,0,0,1,0,0,0,17.0,3.0
20131223,0,0.0,0,0,1,0,1,1,127.5,10.0
20131224,0,0.0,0,0,1,0,1,0,76.5,6.0
20131225,0,0.0,0,0,1,0,1,1,116.0,10.5
20131226,0,0.0,0,0,1,0,1,1,110.5,10.5
20131227,0,0.0,0,0,1,0,0,0,7.0,3.5
20131228,0,0.0,0,0,1,0,0,0,14.5,4.0
20131229,0,0.0,0,0,1,0,0,0,20.5,3.5
20131230,0,0.0,0,0,1,0,0,0,14.5,3.5
20131231,0,0.0,0,0,0,0,0,0,0.5,0.5
20140101,0,0.0,0,0,0,0,0,0,0.5,0.5
20140102,0,0.0,0,0,0,0,0,0,1.0,0.5
20140103,0,0.0,0,1,1,0,0,0,0.5,0.5
20140104,0,0.0,0,0,1,0,0,0,0.0,0.0
20140105,0,0.0,0,0,0,0,0,0,0.0,0.0
20140106,0,0.0,0,0,0,0,0,0,0.0,0.0
20140107,0,0.0,0,0,0,0,0,0,0.0,0.0
20140108,0,0.0,0,1,0,0,0,0,16.5,9.0
20140109,0,0.0,0,0,1,0,1,0,54.0,6.5
20140110,0,0.0,0,0,0,0,0,0,11.5,2.0
20140111,0,0.0,0,0,0,0,0,0,9.0,5.0
20140112,0,0.0,0,1,1,0,0,0,26.0,9.0
20140113,0,0.0,0,0,1,0,1,1,75.0,11.0
20140114,0,0.0,0,0,1,0,1,1,73.5,14.0
20140115,0,0.0,1,0,1,0,0,0,1.0,0.5
20140116,0,0.0,1,0,0,0,0,0,0.0,0.0
20140117,0,0.0,1,0,1,0,0,0,0.0,0.0
20140118,0,0.0,1,0,1,0,0,0,0.0,0.0
20140119,0,0.0,1,0,0,0,0,0,0.0,0.0
20140120,0,0.0,1,0,1,0,0,0,15.0,4.5
20140121,0,0.0,0,0,1,0,0,0,2.0,0.5
20140122,0,0.0,0,0,1,0,0,0,0.0,0.0
20140123,0,0.0,0,0,0,0,0,0,0.0,0.0
20140124,0,0.0,0,0,0,0,0,0,0.0,0.0
20140125,0,0.0,0,0,0,0,0,0,0.0,0.0
20140126,0,0.0,0,0,1,0,0,0,1.0,0.5
20140127,0,0.0,0,0,0,0,0,0,0.5,0.5
20140128,0,0.0,0,0,0,0,0,0,0.5,0.5
20140129,0,0.0,1,0,0,0,0,0,0.0,0.0
20140130,0,0.0,1,0,0,0,0,0,1.0,1.0
20140131,0,0.0,1,0,0,0,0,0,0.0,0.0
20140201,0,0.0,1,0,0,0,0,0,0.0,0.0
20140202,0,0.0,0,0,0,0,0,0,0.0,0.0
20140203,0,0.0,0,0,1,0,0,0,3.5,2.0
20140204,0,0.0,0,0,1,0,1,0,93.0,8.5
20140205,0,0.0,0,0,0,0,1,0,52.0,7.0
20140206,0,0.0,0,1,0,0,0,0,5.5,2.5
20140207,0,0.0,0,1,1,0,0,0,5.0,1.5
20140208,0,0.0,0,0,1,0,1,0,57.5,6.5
20140209,1,0.0,0,0,1,0,1,1,149.5,12.0
20140210,1,0.0,0,0,1,0,1,0,71.5,8.5
20140211,1,0.0,0,0,1,0,0,0,28.0,3.0
20140212,0,0.0,0,0,1,0,1,1,128.5,24.0
20140213,0,0.0,0,0,1,0,1,1,166.5,26.5
20140214,0,0.0,0,0,1,0,1,0,76.5,7.5
20140215,0,0.0,0,0,0,0,0,0,4.5,1.5
20140216,0,0.0,0,0,0,0,0,0,6.0,1.5
20140217,0,0.0,0,1,0,0,0,0,0.0,0.0
20140218,0,0.0,0,1,1,0,0,0,20.0,4.0
20140219,0,0.0,0,0,1,0,1,0,78.0,8.5
20140220,0,0.0,0,0,1,0,0,0,1.0,0.5
20140221,0,0.0,0,0,0,0,0,0,2.5,2.5
20140222,0,0.0,0,0,0,0,0,0,22.0,8.0
20140223,0,0.0,0,0,0,0,0,0,10.0,3.5
20140224,0,0.0,0,0,0,0,0,0,0.5,0.5
20140225,0,0.0,0,0,0,0,0,0,0.0,0.0
20140226,0,0.0,1,1,1,0,0,0,0.2,0.2
20140227,0,0.0,1,0,1,0,0,0,3.0,0.5
20140228,0,0.0,1,0,0,0,0,0,3.5,2.0
20140301,0,0.0,1,1,1,0,0,0,4.8,3.8
20140302,0,0.0,1,1,1,0,1,0,57.0,9.5
20140303,0,0.0,1,0,1,0,0,0,32.0,7.5
20140304,0,0.0,1,1,0,0,0,0,31.5,6.5
20140305,0,0.0,1,1,1,0,0,0,13.5,3.5
20140306,0,0.0,1,0,1,0,1,0,62.0,7.5
20140307,0,0.0,1,0,1,0,1,0,76.5,6.5
20140308,0,0.0,1,1,0,0,1,0,64.5,7.5
20140309,0,0.0,0,0,1,0,0,0,19.0,4.0
20140310,0,0.0,0,0,0,0,0,0,2.0,1.0
20140311,0,0.0,0,0,0,0,0,0,1.5,0.5
20140312,0,0.0,0,0,0,0,0,1,20.5,13.0
20140313,0,0.0,0,1,1,0,0,1,34.0,28.5
20140314,0,0.0,0,0,1,0,0,0,0.0,0.0
20140315,0,0.0,0,0,0,0,0,0,0.0,0.0
20140316,0,0.0,0,0,0,0,0,0,0.0,0.0
20140317,0,0.0,0,0,0,0,0,0,0.0,0.0
20140318,0,0.0,0,0,0,0,0,0,0.0,0.0
20140319,0,0.0,0,0,0,0,0,0,0.0,0.0
20140320,0,0.0,0,1,1,0,0,0,18.0,6.0
20140321,0,0.0,1,0,1,0,0,0,7.0,2.0
20140322,0,0.0,1,0,0,0,0,0,0.5,0.5
20140323,0,0.0,1,0,0,0,0,0,0.5,0.5
20140324,0,0.0,1,0,0,0,0,0,0.0,0.0
20140325,0,0.0,0,0,0,0,0,0,0.0,0.0
20140326,0,0.0,0,0,0,0,0,0,0.0,0.0
20140327,0,0.0,0,0,0,0,0,1,37.5,23.0
20140328,0,0.0,0,0,0,0,0,0,9.0,7.5
20140329,0,0.0,0,0,0,0,0,1,31.0,17.5
20140330,0,0.0,0,0,1,0,0,0,5.0,2.0
20140331,0,0.0,0,1,0,0,0,1,33.5,29.5
20140401,0,0.0,0,1,0,0,0,0,13.0,4.5
20140402,0,0.0,1,0,0,0,0,0,0.5,0.5
20140403,0,0.0,1,1,0,0,0,0,5.5,3.5
20140404,0,0.0,1,0,1,0,0,0,1.5,1.5
20140405,0,0.0,1,0,0,0,0,0,0.0,0.0
20140406,0,0.0,1,0,0,0,0,0,5.5,1.5
20140407,0,0.0,1,1,0,0,0,0,14.5,2.5
20140408,0,0.0,1,1,0,0,0,0,4.0,2.0
20140409,0,0.0,1,0,1,0,0,0,1.0,1.0
20140410,0,0.0,0,0,0,0,0,0,0.0,0.0
20140411,0,0.0,0,0,0,0,0,0,0.0,0.0
20140412,0,0.0,0,0,0,0,0,0,0.5,0.5
20140413,0,0.0,0,1,1,0,0,0,2.5,1.0
20140414,0,0.0,0,0,1,0,0,0,2.0,0.5
20140415,0,0.0,0,0,0,0,0,0,0.0,0.0
20140416,0,0.0,0,0,0,0,0,0,0.0,0.0
20140417,0,0.0,0,0,0,0,0,0,0.0,0.0
20140418,0,0.0,0,0,0,0,0,0,0.5,0.5
20140419,0,0.0,0,0,0,0,0,0,4.5,4.5
20140420,0,0.0,0,1,1,0,0,0,13.0,4.0
20140421,0,0.0,0,0,0,0,0,0,1.0,0.5
20140422,0,0.0,0,1,1,0,0,0,19.5,4.0
20140423,0,0.0,0,0,1,0,0,0,11.0,4.5
20140424,0,0.0,0,0,0,0,1,1,43.5,15.5
20140425,0,0.0,0,0,0,0,1,1,43.5,16.5
20140426,0,0.0,1,0,0,0,1,1,96.5,40.0
20140427,0,0.0,1,1,0,0,0,0,3.5,2.0
20140428,0,0.0,1,0,1,0,0,0,0.5,0.5
20140429,0,0.0,1,0,0,0,0,0,0.0,0.0
20140430,0,0.0,1,0,0,0,0,0,19.5,6.0
20140501,0,0.0,1,0,0,1,0,0,34.5,7.5
20140502,0,0.0,1,0,0,0,0,1,27.0,11.0
20140503,0,0.0,0,0,0,0,0,0,9.0,4.0
20140504,0,0.0,0,0,0,1,0,0,4.0,3.0
20140505,0,0.0,0,1,1,1,1,1,111.0,19.0
20140506,0,0.0,0,0,1,1,1,0,46.0,7.5
20140507,0,0.0,0,1,0,1,0,0,8.0,3.5
20140508,0,0.0,0,1,0,1,0,0,1.0,0.5
20140509,0,0.0,0,0,0,1,0,1,37.0,14.0
20140510,0,0.0,0,0,0,1,0,1,28.5,24.5
20140511,0,0.0,0,0,0,1,0,0,8.5,8.5
20140512,0,0.0,0,1,0,1,1,1,66.0,44.5
20140513,0,0.0,0,1,0,1,0,1,19.0,16.0
20140514,0,0.0,0,0,0,1,0,0,0.5,0.5
20140515,0,0.0,0,1,0,1,1,1,81.0,53.5
20140516,0,0.0,0,0,0,1,1,1,58.0,29.5
20140517,0,0.0,0,0,0,1,0,1,15.0,14.5
20140518,0,0.0,0,1,0,1,0,0,15.5,7.5
20140519,0,0.0,0,1,0,1,1,1,49.0,38.5
20140520,0,0.0,0,1,0,1,1,1,181.0,69.0
20140521,0,0.0,0,1,0,1,1,1,246.0,60.5
20140522,0,0.0,0,1,0,1,0,0,25.5,6.0
20140523,0,0.0,0,1,0,1,0,0,20.0,5.0
20140524,0,0.0,0,0,0,1,1,1,67.0,35.0
20140525,0,0.0,0,0,0,1,0,1,26.0,23.5
20140526,0,0.0,0,1,0,1,1,1,101.0,67.5
20140527,0,0.0,0,1,0,1,0,1,33.0,17.0
20140528,0,0.0,0,1,0,1,1,1,102.0,34.5
20140529,0,0.0,0,1,0,1,1,1,270.0,80.0
20140530,0,0.0,0,1,0,1,1,1,89.5,55.0
20140531,0,0.0,0,0,0,1,0,1,16.5,11.0
20140601,0,0.0,0,0,0,1,0,0,0.0,0.0
20140602,0,0.0,0,0,0,1,0,0,0.5,0.5
20140603,0,0.0,0,1,0,1,1,1,57.5,34.0
20140604,0,0.0,0,1,0,1,0,0,0.5,0.5
20140605,0,0.0,0,1,0,1,1,1,111.5,38.0
20140606,0,0.0,0,1,0,1,1,1,83.0,45.0
20140607,0,0.0,0,1,0,1,1,1,78.5,34.5
20140608,0,0.0,0,1,0,1,1,1,73.0,33.0
20140609,0,0.0,1,1,0,1,1,1,58.0,35.5
20140610,0,0.0,1,1,0,1,1,0,79.0,8.5
20140611,0,0.0,1,1,0,1,1,1,152.5,25.5
20140612,0,0.0,1,0,0,0,0,0,1.5,1.5
20140613,0,0.0,1,0,0,1,0,0,1.0,0.5
20140614,0,1.0,1,0,0,1,0,0,4.0,1.5
20140615,0,1.0,1,0,0,1,0,0,11.0,5.5
20140616,0,0.0,1,0,0,1,0,1,26.0,12.5
20140617,0,0.0,1,0,0,1,0,0,0.5,0.5
20140618,0,0.0,1,0,0,1,1,1,89.0,54.0
20140619,0,0.0,1,1,0,1,0,1,26.5,19.0
20140620,0,0.0,1,0,0,1,1,1,72.0,52.5
20140621,0,0.0,1,0,0,1,1,1,59.5,46.5
20140622,0,0.0,1,0,0,1,1,1,84.5,58.0
20140623,0,0.0,1,1,0,1,1,1,226.5,91.0
20140624,0,0.0,0,1,0,1,0,1,30.0,15.5
20140625,0,0.0,0,0,0,1,1,1,85.0,54.5
20140626,0,0.0,0,0,0,1,0,0,1.5,1.5
20140627,0,0.0,0,0,0,1,0,0,0.0,0.0
20140628,0,0.0,0,0,0,1,1,1,63.0,38.5
20140629,0,0.0,0,1,0,1,1,1,116.5,54.0
20140630,0,0.0,0,0,0,1,1,1,112.0,48.0
20140701,0,0.0,0,0,0,1,1,1,71.0,52.5
20140702,0,0.0,1,0,0,1,0,0,10.5,6.5
20140703,0,0.0,1,0,0,1,0,1,16.5,13.5
20140704,0,0.0,1,0,0,1,0,0,10.0,9.5
20140705,0,0.0,1,0,0,1,0,0,0.0,0.0
20140706,0,0.0,1,0,0,1,0,0,0.0,0.0
20140707,0,0.0,1,0,0,0,0,0,4.5,3.5
20140708,0,0.0,1,0,0,1,1,1,82.0,48.5
20140709,0,0.0,1,0,0,1,0,0,2.5,2.5
20140710,0,0.0,1,0,0,1,0,1,18.5,15.0
20140711,0,0.0,1,0,0,1,1,1,40.5,25.5
20140712,0,0.0,1,0,0,1,0,0,5.5,5.0
20140713,0,0.0,1,0,0,0,0,0,1.0,0.5
20140714,0,0.0,1,0,0,0,1,1,63.0,57.5
20140715,0,0.0,1,0,0,0,0,0,15.0,9.5
20140716,0,0.0,1,0,0,0,0,0,0.5,0.5
20140717,0,0.0,1,0,0,1,0,0,0.0,0.0
20140718,0,0.0,1,0,0,1,0,1,19.0,17.0
20140719,0,0.0,1,0,0,1,0,0,5.0,2.5
20140720,0,0.0,1,0,0,0,0,0,1.5,1.0
20140721,0,1.0,1,0,0,0,0,1,35.0,29.0
20140722,0,1.0,1,0,0,0,1,1,130.5,36.5
20140723,0,1.0,1,0,0,1,1,1,186.0,52.5
20140724,0,0.0,1,0,0,1,0,0,5.5,3.5
20140725,0,0.0,1,0,0,1,1,1,120.5,52.5
20140726,0,0.0,1,0,0,0,0,0,7.5,5.5
20140727,0,0.0,1,0,0,0,0,0,0.0,0.0
20140728,0,0.0,1,0,0,0,0,0,0.0,0.0
20140729,0,0.0,1,0,0,0,0,0,0.5,0.5
20140730,0,0.0,1,0,0,0,0,0,11.5,5.0
20140731,0,0.0,1,0,0,1,1,1,81.0,49.0
20140801,0,0.0,1,0,0,1,0,0,1.0,0.5
20140802,0,0.0,1,0,0,1,0,1,23.5,21.0
20140803,0,0.0,1,0,0,1,1,1,51.5,49.0
20140804,0,0.0,1,0,0,1,0,1,25.5,23.0
20140805,0,0.0,1,0,0,1,0,1,33.0,23.5
20140806,0,0.0,1,0,0,1,0,1,31.5,20.5
20140807,0,0.0,1,0,0,1,0,1,17.0,15.5
20140808,0,0.0,1,0,0,1,0,0,0.5,0.5
20140809,0,0.0,1,0,0,1,1,1,88.5,60.5
20140810,0,0.0,1,0,0,1,0,1,16.0,15.0
20140811,0,0.0,1,0,0,1,1,1,93.5,78.5
20140812,0,0.0,1,0,0,1,0,1,33.0,25.5
20140813,0,0.0,1,1,0,1,1,1,106.5,68.0
20140814,0,0.0,1,0,0,1,0,0,0.5,0.5
20140815,0,0.0,1,1,0,1,0,1,31.5,17.0
20140816,0,0.0,0,1,0,1,1,1,41.0,18.5
20140817,0,0.0,0,0,0,1,0,1,17.5,14.5
20140818,0,0.0,1,0,0,1,1,1,52.0,34.0
20140819,0,0.0,1,1,0,1,1,1,95.0,58.5
20140820,0,0.0,1,1,0,1,1,1,40.5,39.0
20140821,0,0.0,1,1,0,1,1,1,47.0,19.0
20140822,0,0.0,0,0,0,0,0,0,0.5,0.5
20140823,0,0.0,0,0,0,0,0,0,0.0,0.0
20140824,0,0.0,0,0,0,0,0,0,0.0,0.0
20140825,0,0.0,0,0,0,0,0,0,0.0,0.0
20140826,0,0.0,0,0,0,0,0,0,0.0,0.0
20140827,0,0.0,0,0,0,0,0,1,27.5,23.0
20140828,0,0.0,0,0,0,0,0,0,0.5,0.5
20140829,0,0.0,0,0,0,0,0,0,0.0,0.0
20140830,0,0.0,0,0,0,0,0,0,4.5,2.5
20140831,0,0.0,0,0,0,0,0,1,32.5,32.0
20140901,0,0.0,0,0,0,0,0,0,0.5,0.5
20140902,0,0.0,0,1,0,0,0,0,0.0,0.0
20140903,0,0.0,0,0,0,0,0,0,3.5,3.5
20140904,0,0.0,0,1,0,0,1,1,130.0,52.5
20140905,0,0.0,1,0,0,0,0,1,38.0,21.0
20140906,0,0.0,1,0,0,0,0,1,37.5,18.5
20140907,0,0.0,1,0,0,1,0,0,2.5,2.5
20140908,0,0.0,1,0,0,1,0,1,12.0,12.0
20140909,0,0.0,1,0,0,1,0,1,31.5,22.5
20140910,0,0.0,1,0,0,0,0,1,29.5,19.0
20140911,0,0.0,1,0,0,0,0,0,1.0,1.0
20140912,0,0.0,1,0,0,1,0,0,14.5,7.0
20140913,0,0.0,1,1,0,1,0,0,0.0,0.0
20140914,0,0.0,1,0,1,0,0,1,31.5,21.5
20140915,0,0.0,1,0,0,0,0,0,12.0,9.0
20140916,0,0.0,1,0,0,1,0,0,1.5,1.5
20140917,0,0.0,1,0,0,0,0,0,0.0,0.0
20140918,0,0.0,1,0,0,0,0,0,0.0,0.0
20140919,0,1.0,1,1,0,0,0,1,32.0,15.0
20140920,0,1.0,1,1,0,1,0,0,2.0,2.0
20140921,0,1.0,1,0,0,1,1,1,147.0,65.0
20140922,0,1.0,1,0,0,1,1,1,114.0,40.0
20140923,0,0.0,1,0,0,1,1,1,55.5,25.5
20140924,0,0.0,1,0,0,0,1,1,135.0,45.0
20140925,0,0.0,1,0,1,0,1,1,72.5,29.0
20140926,0,0.0,1,0,0,0,0,0,13.0,7.0
20140927,0,0.0,1,0,0,0,0,0,0.0,0.0
20140928,0,0.0,1,0,0,0,0,0,0.0,0.0
20140929,0,0.0,1,0,0,0,0,0,0.0,0.0
20140930,0,0.0,1,0,1,0,0,0,13.0,7.0
20141001,0,0.0,1,0,1,0,1,1,90.5,11.0
20141002,0,0.0,1,0,1,0,0,0,1.0,0.5
20141003,0,0.0,1,0,1,0,0,0,3.0,2.7
20141004,0,0.0,1,0,0,0,0,0,0.5,0.5
20141005,0,0.0,1,0,1,0,0,0,4.5,2.5
20141006,0,0.0,1,0,1,0,0,0,4.5,2.5
20141007,0,0.0,1,0,1,0,0,0,5.5,2.5
20141008,0,0.0,1,0,1,0,0,0,7.5,4.0
20141009,0,0.0,1,0,1,0,1,1,66.0,19.0
20141010,0,0.0,1,0,0,0,1,1,108.0,12.5
20141011,0,0.0,1,0,0,0,1,1,88.0,16.0
20141012,0,0.0,1,0,0,0,0,0,13.5,3.0
20141013,0,0.0,1,0,1,0,0,0,0.0,0.0
20141014,0,0.0,1,0,1,0,0,0,0.0,0.0
20141015,0,0.0,1,0,1,0,0,0,0.0,0.0
20141016,0,0.0,1,0,1,0,0,0,0.0,0.0
20141017,0,0.0,0,0,1,0,0,0,9.0,5.5
20141018,0,0.0,0,0,0,0,0,0,6.5,1.5
20141019,0,0.0,0,0,0,0,0,0,4.0,2.0
20141020,0,0.0,0,0,0,0,0,0,0.5,0.5
20141021,0,0.0,0,0,0,0,0,0,0.0,0.0
20141022,0,0.0,0,0,1,0,1,1,49.5,23.0
20141023,0,0.0,0,0,1,0,0,0,2.0,1.0
20141024,0,0.0,0,0,0,0,0,0,2.5,1.0
20141025,0,0.0,0,0,0,0,0,0,15.0,6.0
20141026,0,0.0,0,0,1,0,0,0,0.5,0.5
20141027,0,0.0,0,0,1,0,0,1,28.0,20.5
20141028,0,0.0,0,0,0,0,0,0,3.0,0.5
20141029,0,0.0,0,0,0,0,0,0,0.5,0.5
20141030,0,0.0,1,0,0,0,0,0,0.0,0.0
20141031,0,0.0,1,0,0,0,0,0,0.0,0.0
20141101,0,0.0,1,1,1,0,0,0,16.5,5.0
20141102,0,0.0,1,0,1,0,1,1,76.0,19.5
20141103,0,0.0,1,0,1,0,0,0,1.5,0.5
20141104,0,0.0,1,0,1,0,0,0,0.5,0.5
20141105,0,0.0,1,0,0,0,0,0,0.5,0.5
20141106,0,0.0,1,0,1,0,0,0,2.5,1.5
20141107,0,0.0,1,0,0,0,0,0,3.0,1.0
20141108,0,0.0,0,0,0,0,0,0,9.5,6.5
20141109,0,0.0,0,0,1,0,1,1,93.0,19.5
20141110,0,0.0,0,0,1,0,0,0,4.0,1.5
20141111,0,0.0,0,0,1,0,0,0,0.0,0.0
20141112,0,0.0,0,0,1,0,1,0,51.5,9.0
20141113,0,0.0,0,0,1,0,1,0,50.5,8.0
20141114,0,0.0,0,0,1,0,0,0,24.5,7.5
20141115,0,0.0,0,0,0,0,1,1,67.5,14.5
20141116,0,0.0,0,1,1,0,1,1,54.5,21.5
20141117,0,0.0,0,0,1,0,1,1,203.0,18.0
20141118,0,0.0,0,0,1,0,0,0,29.5,7.0
20141119,0,0.0,0,0,1,0,0,1,19.0,14.5
20141120,0,0.0,0,0,0,0,1,1,71.5,27.0
20141121,0,0.0,0,0,0,0,0,0,3.0,2.5
20141122,0,0.0,0,0,0,0,0,0,0.0,0.0
20141123,0,0.0,0,0,0,0,0,0,0.0,0.0
20141124,0,0.0,0,0,0,0,0,0,0.5,0.5
20141125,0,0.0,1,1,1,0,0,0,0.0,0.0
20141126,0,0.0,1,0,1,0,0,0,2.5,1.0
20141127,0,0.0,1,0,0,0,1,1,63.0,22.5
20141128,0,0.0,1,0,0,0,0,0,1.0,0.5
20141129,0,0.0,1,0,0,0,0,0,2.0,1.5
20141130,0,0.0,1,0,0,0,0,0,6.0,6.0
20141201,0,0.0,1,0,1,0,1,1,82.5,18.0
20141202,0,0.0,1,0,0,0,0,0,10.0,3.5
20141203,0,0.0,1,0,0,0,0,0,4.5,4.5
20141204,0,0.0,1,0,1,0,1,1,62.5,19.5
20141205,0,0.0,1,0,1,0,0,0,0.0,0.0
20141206,0,0.0,1,0,1,0,0,0,0.0,0.0
20141207,0,0.0,1,0,1,0,0,0,5.5,3.5
20141208,0,0.0,1,0,1,0,1,1,143.0,17.5
20141209,0,0.0,1,0,1,0,1,1,110.0,20.5
20141210,0,0.0,1,0,1,0,1,1,47.0,21.0
20141211,0,0.0,1,0,1,0,1,1,128.0,13.5
20141212,0,0.0,1,0,1,0,1,0,48.0,6.5
20141213,0,0.0,0,0,1,0,0,0,0.5,0.5
20141214,0,0.0,0,0,0,0,0,0,3.5,2.5
20141215,0,0.0,0,1,0,0,0,0,0.5,0.5
20141216,0,0.0,0,0,1,0,0,0,6.0,3.5
20141217,0,0.0,0,0,1,0,0,0,0.0,0.0
20141218,0,0.0,0,0,0,0,0,0,2.5,1.0
20141219,0,0.0,0,1,0,0,0,0,4.5,2.0
20141220,0,0.0,0,0,1,0,0,0,1.5,1.5
20141221,0,0.0,0,0,1,0,0,0,11.0,4.0
20141222,0,0.0,0,0,0,0,0,0,1.0,0.5
20141223,0,0.0,0,0,0,0,0,0,0.0,0.0
20141224,0,0.0,0,0,1,0,0,0,0.0,0.0
20141225,0,0.0,0,0,1,0,0,0,8.0,2.0
20141226,0,0.0,0,0,1,0,0,0,8.0,1.5
20141227,0,0.0,1,0,1,0,1,0,41.0,5.0
20141228,0,0.0,1,0,0,0,0,0,36.0,5.0
20141229,0,0.0,1,0,1,0,0,0,0.0,0.0
20141230,0,0.0,1,0,0,0,0,0,0.5,0.5
20141231,0,0.0,1,0,1,0,0,0,0.0,0.0
20150101,0,0.0,1,0,1,0,0,0,0.0,0.0
20150102,0,0.0,0,0,1,0,0,0,0.0,0.0
20150103,0,0.0,0,0,0,0,0,0,0.0,0.0
20150104,0,0.0,0,0,0,0,0,0,0.0,0.0
20150105,0,0.0,0,0,0,0,0,0,0.0,0.0
20150106,0,0.0,0,1,1,0,0,0,16.0,5.5
20150107,0,0.0,0,0,0,0,1,0,47.5,5.0
20150108,0,0.0,0,0,1,0,0,0,1.5,0.5
20150109,0,0.0,0,0,1,0,0,0,0.0,0.0
20150110,0,0.0,0,0,1,0,0,0,0.0,0.0
20150111,0,0.0,0,0,0,0,0,0,5.5,1.5
20150112,0,0.0,1,0,0,0,1,1,61.0,13.0
20150113,0,0.0,1,0,0,0,0,0,14.0,7.0
20150114,0,0.0,1,1,0,0,0,0,13.0,4.0
20150115,0,0.0,1,0,1,0,0,0,0.5,0.5
20150116,0,0.0,1,0,1,0,0,0,0.5,0.5
20150117,0,0.0,1,0,1,0,0,0,0.0,0.0
20150118,0,0.0,1,0,1,0,0,0,1.5,0.5
20150119,0,0.0,1,0,1,0,0,0,0.0,0.0
20150120,0,0.0,1,0,0,0,0,0,0.5,0.5
20150121,0,0.0,0,0,1,0,0,0,2.5,1.0
20150122,0,0.0,0,0,1,0,0,0,0.0,0.0
20150123,0,0.0,0,0,0,0,0,0,0.0,0.0
20150124,0,0.0,0,0,0,0,0,0,0.0,0.0
20150125,0,0.0,0,0,0,0,0,0,0.0,0.0
20150126,0,0.0,0,0,1,0,0,0,7.0,2.5
20150127,0,0.0,0,0,1,0,1,0,94.5,8.0
20150128,0,0.0,0,0,1,0,1,0,73.0,7.0
20150129,0,0.0,0,0,1,0,0,0,18.0,5.5
20150130,0,0.0,0,0,1,0,1,1,93.5,10.0
20150131,0,0.0,0,0,1,0,1,0,52.5,5.0
20150201,0,0.0,0,0,0,0,0,0,12.0,2.0
20150202,0,0.0,0,0,1,0,0,0,33.0,9.5
20150203,0,0.0,0,0,1,0,1,0,87.5,9.5
20150204,0,0.0,0,0,1,0,1,0,63.0,7.5
20150205,0,0.0,0,0,1,0,0,0,17.0,5.0
20150206,0,0.0,1,0,1,0,0,0,14.0,2.5
20150207,0,0.0,1,0,1,0,0,1,26.5,18.0
20150208,1,0.0,1,0,1,0,0,0,18.0,6.5
20150209,0,0.0,1,0,1,0,0,0,11.5,3.0
20150210,0,0.0,1,0,0,0,0,0,1.0,0.5
20150211,0,0.0,1,0,0,0,0,0,0.0,0.0
20150212,0,0.0,1,0,1,0,0,0,0.0,0.0
20150213,0,0.0,0,0,0,0,0,0,0.0,0.0
20150214,0,0.0,0,0,0,0,0,0,0.0,0.0
20150215,0,0.0,0,0,0,0,0,1,12.0,11.5
20150216,0,0.0,0,1,1,0,0,1,19.0,13.0
20150217,0,0.0,0,0,1,0,0,0,1.0,0.5
20150218,0,0.0,0,0,1,0,0,0,1.5,0.5
20150219,0,0.0,0,0,0,0,0,0,1.5,0.5
20150220,0,0.0,0,0,0,0,0,0,0.0,0.0
20150221,0,0.0,0,0,0,0,0,0,2.0,2.0
20150222,0,0.0,0,1,1,0,0,0,4.0,2.0
20150223,0,0.0,0,1,1,0,0,0,8.5,3.0
20150224,0,0.0,0,0,0,0,1,1,56.5,22.5
20150225,0,0.0,0,0,0,0,0,0,0.0,0.0
20150226,0,0.0,0,1,1,0,0,0,13.0,3.5
20150227,0,0.0,0,0,1,0,0,0,28.5,3.0
20150228,0,0.0,0,0,0,0,0,0,7.5,2.0
20150301,0,0.0,0,0,1,0,0,0,19.0,3.5
20150302,0,0.0,0,0,0,0,0,0,3.0,1.0
20150303,0,0.0,0,1,1,0,0,0,10.5,3.0
20150304,0,0.0,0,0,1,0,1,0,51.5,4.5
20150305,0,0.0,0,0,1,0,0,0,29.0,3.5
20150306,0,0.0,0,0,1,0,1,0,45.0,8.0
20150307,0,0.0,0,0,1,0,0,0,16.5,2.0
20150308,0,0.0,0,0,0,0,0,0,4.5,2.0
20150309,0,0.0,0,1,1,0,0,0,1.0,0.5
20150310,0,0.0,1,0,1,0,0,0,35.5,5.0
20150311,0,0.0,1,0,1,0,1,0,83.0,6.0
20150312,0,0.0,1,0,1,0,0,0,34.0,5.5
20150313,0,0.0,1,0,0,0,0,0,0.5,0.5
20150314,0,0.0,1,0,0,0,0,0,0.0,0.0
20150315,0,0.0,1,0,0,0,0,0,0.0,0.0
20150316,0,0.0,1,1,0,0,0,0,1.0,0.5
20150317,0,0.0,1,0,0,0,0,0,3.5,1.5
20150318,0,0.0,1,0,0,0,0,0,1.5,0.5
20150319,0,0.0,1,1,1,0,0,0,0.5,0.5
20150320,0,0.0,1,0,1,0,0,0,3.0,3.0
20150321,0,0.0,1,0,1,0,0,0,18.0,3.0
20150322,0,0.0,0,0,1,0,0,0,5.5,5.5
20150323,0,0.0,0,0,1,0,1,1,108.0,61.0
20150324,0,0.0,0,0,1,0,1,1,86.5,27.0
20150325,0,0.0,1,0,1,0,1,1,123.5,12.0
20150326,0,0.0,1,0,0,0,0,0,29.5,5.0
20150327,0,0.0,1,1,0,0,0,1,35.5,14.0
20150328,0,0.0,1,0,0,0,0,0,0.0,0.0
20150329,0,0.0,1,0,0,0,0,0,0.0,0.0
20150330,0,0.0,1,0,0,0,0,0,0.0,0.0
20150331,0,0.0,1,0,0,0,0,0,1.0,0.5
20150401,0,0.0,1,0,0,0,0,1,26.0,14.5
20150402,0,0.0,1,0,0,0,0,0,0.5,0.5
20150403,0,0.0,1,0,0,0,0,0,0.0,0.0
20150404,0,0.0,1,0,0,0,0,0,0.0,0.0
20150405,0,0.0,1,0,0,0,0,0,0.0,0.0
20150406,0,0.0,1,0,1,0,0,0,9.0,8.5
20150407,0,0.0,1,1,1,0,1,0,77.5,7.0
20150408,0,0.0,0,0,1,0,0,0,36.5,4.0
20150409,0,0.0,0,0,1,0,0,1,19.5,15.5
20150410,0,0.0,0,0,1,0,1,0,53.5,6.0
20150411,0,0.0,0,0,1,0,0,0,32.0,5.0
20150412,0,0.0,0,1,0,0,0,0,20.0,3.5
20150413,0,0.0,0,0,1,0,0,0,0.5,0.5
20150414,0,0.0,0,0,0,0,0,0,8.5,8.5
20150415,0,0.0,0,0,0,0,0,0,0.0,0.0
20150416,0,0.0,0,0,0,0,0,0,0.0,0.0
20150417,0,0.0,0,0,0,0,0,0,0.5,0.5
20150418,0,0.0,0,0,0,0,0,1,38.5,14.5
20150419,0,0.0,0,0,0,0,0,0,10.0,6.0
20150420,0,0.0,0,1,0,0,1,1,40.5,18.5
20150421,0,0.0,0,1,1,0,0,1,36.0,16.0
20150422,0,0.0,0,0,1,0,0,0,2.5,1.0
20150423,0,0.0,0,0,0,0,0,0,0.5,0.5
20150424,0,0.0,0,0,0,0,1,1,44.0,18.5
20150425,0,0.0,0,0,0,0,0,0,1.5000000000000002,0.5
20150426,0,0.0,0,0,0,0,0,0,8.0,8.0
20150427,0,0.0,0,0,0,0,0,1,20.0,15.5
20150428,0,0.0,0,0,0,0,0,0,15.0,8.5
20150429,0,0.0,0,0,0,0,0,1,24.0,18.0
20150430,0,0.0,0,0,0,0,0,0,0.5,0.5
20150501,0,0.0,0,0,0,1,1,1,43.5,42.5
20150502,0,0.0,1,0,0,1,0,1,22.0,16.0
20150503,0,0.0,1,1,0,1,1,1,42.5,23.0
20150504,0,0.0,1,1,1,1,1,1,65.5,25.0
20150505,0,0.0,1,0,0,1,1,1,56.0,12.5
20150506,0,0.0,1,0,0,1,0,0,1.0,0.5
20150507,0,0.0,1,1,0,1,0,0,2.0,1.0
20150508,0,0.0,1,0,0,1,0,0,2.0,2.0
20150509,0,0.0,1,0,1,1,1,1,141.5,49.5
20150510,0,1.0,1,0,0,1,1,1,41.0,20.0
20150511,0,1.0,1,0,0,1,0,0,7.5,7.0
20150512,0,1.0,1,1,0,1,1,1,69.0,41.5
20150513,0,0.0,1,0,0,1,0,0,0.0,0.0
20150514,0,0.0,1,0,0,1,0,0,0.0,0.0
20150515,0,0.0,1,0,0,1,0,0,0.5,0.5
20150516,0,0.0,1,0,0,1,0,0,5.5,5.5
20150517,0,0.0,1,1,0,1,0,0,0.5,0.5
20150518,0,0.0,1,0,0,1,0,0,0.0,0.0
20150519,0,0.0,1,1,0,1,0,0,0.0,0.0
20150520,0,0.0,1,1,1,1,1,1,94.0,19.0
20150521,0,0.0,1,1,0,1,0,0,10.0,2.0
20150522,0,0.0,1,1,0,1,0,1,34.0,19.5
20150523,0,0.0,1,1,0,1,0,1,37.8,10.0
20150524,0,0.0,1,1,1,1,1,1,100.7,16.5
20150525,0,0.0,0,1,1,1,0,0,17.5,7.5
20150526,0,0.0,0,1,0,1,0,1,24.5,18.0
20150527,0,0.0,0,0,0,1,0,0,3.0,2.9
20150528,0,0.0,0,0,0,1,0,0,0.5,0.5
20150529,0,0.0,0,0,0,1,0,1,38.0,20.0
20150530,0,0.0,0,0,0,1,0,0,1.0,1.0
20150531,0,0.0,0,1,0,1,1,1,64.0,43.0
20150601,0,0.0,0,1,0,1,0,1,27.0,26.5
20150602,0,0.0,0,0,0,1,0,1,13.0,12.5
20150603,0,0.0,0,0,0,1,0,0,0.0,0.0
20150604,0,0.0,0,1,0,1,0,0,1.5,0.6
20150605,0,0.0,0,1,0,1,1,1,43.5,25.0
20150606,0,0.0,0,1,0,1,1,1,61.5,36.0
20150607,0,0.0,0,0,0,0,1,1,132.5,72.0
20150608,0,0.0,0,0,0,1,0,0,0.0,0.0
20150609,0,0.0,0,0,0,1,0,0,0.0,0.0
20150610,0,0.0,0,0,0,1,0,0,0.0,0.0
20150611,0,0.0,0,0,0,1,0,0,0.0,0.0
20150612,0,0.0,0,0,0,1,0,1,30.5,23.5
20150613,0,0.0,0,0,0,1,1,1,80.5,70.5
20150614,0,0.0,0,0,0,1,1,1,130.0,64.0
20150615,0,0.0,0,0,0,0,0,1,17.5,10.5
20150616,0,0.0,0,0,0,1,0,0,2.0,1.5
20150617,0,0.0,0,0,0,1,0,0,0.0,0.0
20150618,0,0.0,0,0,0,1,0,0,0.0,0.0
20150619,0,0.0,1,1,0,0,0,1,32.0,32.0
20150620,0,0.0,1,1,0,0,0,1,17.5,11.5
20150621,0,0.0,1,0,0,1,1,1,74.5,44.0
20150622,0,0.0,1,0,0,1,1,1,51.5,32.0
20150623,0,0.0,1,0,0,1,1,1,78.0,44.0
20150624,0,0.0,1,0,0,1,1,1,62.0,48.5
20150625,0,0.0,1,0,0,1,0,0,6.5,6.5
20150626,0,0.0,0,0,0,1,0,0,1.5,1.5
20150627,0,0.0,0,0,0,1,0,0,0.5,0.5
20150628,0,0.0,0,0,0,1,0,0,0.5,0.5
20150629,0,0.0,1,0,0,1,0,0,0.0,0.0
20150630,0,0.0,1,0,0,1,0,0,0.0,0.0
20150701,0,0.0,1,0,0,1,0,0,0.0,0.0
20150702,0,0.0,1,0,0,1,0,1,22.5,22.0
20150703,0,0.0,1,1,0,1,0,1,21.9,16.5
20150704,0,0.0,1,0,0,1,1,1,60.5,50.5
20150705,0,0.0,1,1,0,0,0,1,34.0,19.0
20150706,0,1.0,1,0,0,0,0,1,12.5,12.5
20150707,0,1.0,1,0,0,0,0,0,0.0,0.0
20150708,0,1.0,1,0,0,1,0,1,37.0,23.5
20150709,0,1.0,1,0,0,0,1,1,69.0,21.5
20150710,0,1.0,1,0,0,1,1,1,363.2,36.0
20150711,0,1.0,1,0,0,1,0,0,3.5,3.0
20150712,0,0.0,1,0,0,1,1,1,48.5,23.5
20150713,0,0.0,1,0,0,1,0,0,0.0,0.0
20150714,0,0.0,1,0,0,1,0,0,0.5,0.5
20150715,0,0.0,1,0,0,1,0,0,4.0,2.0
20150716,0,0.0,1,0,0,1,0,0,0.5,0.5
20150717,0,0.0,1,0,0,1,0,0,0.0,0.0
20150718,0,0.0,1,0,0,1,0,0,0.0,0.0
20150719,0,0.0,0,0,0,1,1,1,139.5,69.5
20150720,0,0.0,0,0,0,1,0,1,18.0,17.5
20150721,0,0.0,0,0,0,1,0,0,0.5,0.5
20150722,0,0.0,1,0,0,1,0,0,6.5,4.0
20150723,0,0.0,1,0,0,1,1,1,101.5,74.0
20150724,0,0.0,1,0,0,1,0,1,36.5,20.5
20150725,0,0.0,1,0,0,1,0,1,29.5,26.5
20150726,0,0.0,0,0,0,1,1,1,43.5,37.5
20150727,0,0.0,0,0,0,1,0,1,23.5,18.5
20150728,0,0.0,0,0,0,1,1,1,45.0,32.0
20150729,0,0.0,1,0,0,1,0,1,28.0,26.5
20150730,0,0.0,1,0,0,1,1,1,58.5,54.5
20150731,0,0.0,1,0,0,0,0,0,0.0,0.0
20150801,0,0.0,1,0,0,0,0,0,0.0,0.0
20150802,0,0.0,1,0,0,0,0,0,0.0,0.0
20150803,0,0.0,1,0,0,0,0,0,0.0,0.0
20150804,0,0.0,1,0,0,0,0,0,3.0,3.0
20150805,0,0.0,1,0,0,0,0,1,33.0,26.0
20150806,0,1.0,1,0,0,0,1,1,41.5,34.5
20150807,0,1.0,1,0,0,0,1,1,219.5,45.5
20150808,0,1.0,1,0,0,1,1,1,584.0,95.0
20150809,0,1.0,1,0,0,1,1,1,68.5,19.5
20150810,0,0.0,1,0,0,1,0,1,14.0,13.0
20150811,0,0.0,1,0,0,1,1,1,45.5,45.0
20150812,0,0.0,1,0,0,1,0,1,12.5,11.0
20150813,0,0.0,1,0,0,1,1,1,118.5,57.5
20150814,0,0.0,1,0,0,1,1,1,57.5,43.0
20150815,0,0.0,1,0,0,1,0,0,1.0,0.5
20150816,0,0.0,1,0,0,1,0,0,11.5,6.5
20150817,0,0.0,1,1,0,1,0,1,15.0,13.5
20150818,0,0.0,1,0,0,1,1,1,148.0,70.5
20150819,0,0.0,1,0,0,1,0,1,24.0,23.5
20150820,0,1.0,1,0,0,0,0,0,7.0,4.5
20150821,0,1.0,1,0,0,0,1,1,61.5,15.0
20150822,0,1.0,1,0,0,0,1,1,92.5,13.5
20150823,0,1.0,1,0,0,1,1,1,142.0,38.5
20150824,0,0.0,1,0,0,1,0,0,14.5,4.0
20150825,0,0.0,1,0,0,1,1,1,47.5,23.0
20150826,0,0.0,1,0,0,1,0,0,18.0,5.5
20150827,0,0.0,1,0,0,1,1,1,105.0,52.0
20150828,0,0.0,1,0,0,1,1,1,91.5,55.0
20150829,0,0.0,1,0,0,1,1,1,44.0,28.5
20150830,0,0.0,1,1,0,1,0,0,14.5,9.5
20150831,0,0.0,0,1,0,1,0,0,25.3,8.1
20150901,0,0.0,0,1,0,1,1,1,69.5,40.5
20150902,0,0.0,0,1,0,1,1,1,100.0,52.5
20150903,0,0.0,0,0,0,0,0,0,0.5,0.5
20150904,0,0.0,0,0,0,1,0,0,0.0,0.0
20150905,0,0.0,1,0,0,1,0,0,0.0,0.0
20150906,0,0.0,1,1,0,1,1,1,75.0,36.5
20150907,0,0.0,1,1,1,1,1,1,128.5,44.5
20150908,0,0.0,1,1,1,0,0,1,14.0,11.0
20150909,0,0.0,1,0,1,0,0,0,1.0,1.0
20150910,0,0.0,1,0,1,0,0,0,0.5,0.5
20150911,0,0.0,1,0,0,0,0,0,0.0,0.0
20150912,0,0.0,0,0,1,0,0,0,0.5,0.5
20150913,0,0.0,1,0,1,0,0,1,30.5,11.5
20150914,0,0.0,1,0,1,0,1,1,44.0,17.5
20150915,0,0.0,1,0,1,0,0,1,22.0,19.5
20150916,0,0.0,1,0,0,0,1,1,190.0,64.5
20150917,0,0.0,1,0,1,0,0,0,0.5,0.5
20150918,0,0.0,1,0,0,0,0,0,0.0,0.0
20150919,0,0.0,1,0,0,0,0,0,0.0,0.0
20150920,0,0.0,1,0,0,0,0,0,2.5,2.5
20150921,0,0.0,1,1,0,1,0,0,5.5,4.5
20150922,0,0.0,1,0,0,0,0,0,8.5,7.5
20150923,0,0.0,1,0,0,0,0,0,0.0,0.0
20150924,0,0.0,1,0,1,0,1,1,57.0,29.5
20150925,0,0.0,1,0,1,0,0,0,0.0,0.0
20150926,0,0.0,1,0,0,0,0,0,4.0,1.5
20150927,0,1.0,1,0,0,0,1,1,130.5,19.5
20150928,0,1.0,1,0,0,0,1,1,661.0,74.0
20150929,0,1.0,1,0,0,1,1,1,55.0,18.0
20150930,0,0.0,1,0,0,1,0,1,30.5,24.5
20151001,0,0.0,1,0,0,0,1,1,49.0,27.0
20151002,0,0.0,1,0,1,0,1,1,72.0,53.5
20151003,0,0.0,1,0,0,0,0,0,7.5,5.5
20151004,0,0.0,1,0,0,0,0,0,10.0,4.0
20151005,0,0.0,1,0,0,0,0,1,16.5,15.0
20151006,0,0.0,1,0,1,0,0,1,15.0,13.0
20151007,0,0.0,1,0,0,0,0,0,0.5,0.5
20151008,0,0.0,1,1,0,0,1,1,50.5,24.0
20151009,0,0.0,1,1,1,0,1,1,228.5,31.5
20151010,0,0.0,1,1,1,0,0,1,14.5,10.5
20151011,0,0.0,1,0,1,0,0,1,16.5,12.0
20151012,0,0.0,1,0,1,0,0,0,1.0,0.5
20151013,0,0.0,1,0,1,0,0,0,0.0,0.0
20151014,0,0.0,1,0,1,0,0,0,0.0,0.0
20151015,0,0.0,1,0,1,0,0,0,0.0,0.0
20151016,0,0.0,1,0,1,0,0,0,0.5,0.5
20151017,0,0.0,1,0,1,0,0,0,0.0,0.0
20151018,0,0.0,1,0,1,0,1,1,51.0,13.0
20151019,0,0.0,1,0,1,0,0,0,28.0,8.5
20151020,0,0.0,1,0,1,0,0,0,35.5,7.5
20151021,0,0.0,1,0,1,0,0,1,37.0,14.5
20151022,0,0.0,1,0,1,0,1,1,69.5,23.5
20151023,0,0.0,1,0,1,0,1,0,48.5,8.5
20151024,0,0.0,1,0,1,0,1,1,56.5,13.5
20151025,0,0.0,1,0,1,0,0,0,1.0,1.0
20151026,0,0.0,1,0,0,0,0,0,0.5,0.5
20151027,0,0.0,0,0,0,0,0,0,0.5,0.5
20151028,0,0.0,0,0,0,0,0,1,25.0,12.5
20151029,0,0.0,0,0,0,0,0,1,15.0,13.0
20151030,0,0.0,0,1,1,0,0,0,24.0,6.0
20151031,0,0.0,0,1,1,0,1,1,41.0,14.5
20151101,0,0.0,0,0,1,0,0,1,33.0,23.0
20151102,0,0.0,0,0,1,0,1,1,71.0,15.0
20151103,0,0.0,0,0,1,0,1,1,74.0,18.5
20151104,0,0.0,0,0,0,0,1,1,154.5,51.5
20151105,0,0.0,0,0,0,0,0,0,15.0,7.0
20151106,0,0.0,0,0,0,0,0,0,9.5,2.0
20151107,0,0.0,0,0,0,0,0,0,0.0,0.0
20151108,0,0.0,0,0,0,0,0,0,0.0,0.0
20151109,0,0.0,0,0,1,0,1,0,62.5,8.0
20151110,0,0.0,0,0,1,0,1,0,77.0,9.5
20151111,0,0.0,0,0,1,0,0,0,17.5,9.0
20151112,0,0.0,0,0,0,0,0,1,39.0,13.5
20151113,0,0.0,0,0,0,0,0,0,4.5,3.0
20151114,0,0.0,0,1,1,0,0,0,7.5,6.0
20151115,0,0.0,0,0,0,0,0,0,10.5,2.5
20151116,0,0.0,1,0,0,0,0,0,11.0,7.5
20151117,0,0.0,1,0,0,0,0,0,0.0,0.0
20151118,0,0.0,1,0,0,0,0,0,0.5,0.5
20151119,0,0.0,1,0,1,0,0,0,6.0,1.5
20151120,0,0.0,1,0,1,0,1,1,247.0,78.5
20151121,0,0.0,1,0,0,0,0,1,27.0,12.0
20151122,0,0.0,1,0,1,0,1,1,61.0,26.5
20151123,0,0.0,1,0,1,0,1,1,43.70000000000001,10.0
20151124,0,0.0,1,0,1,0,0,0,27.0,8.0
20151125,0,0.0,1,0,0,0,1,1,54.5,13.0
20151126,0,0.0,1,0,0,0,0,0,10.0,4.0
20151127,0,0.0,1,0,1,0,0,0,0.0,0.0
20151128,0,0.0,0,0,0,0,0,0,1.0,0.5
20151129,0,0.0,0,0,0,0,0,0,4.5,2.0
20151130,0,0.0,0,0,1,0,1,1,63.5,27.0
20151201,0,0.0,0,0,0,0,0,0,30.5,8.0
20151202,0,0.0,0,0,0,0,0,0,25.5,7.5
20151203,0,0.0,0,0,1,0,1,1,52.5,10.0
20151204,0,0.0,0,0,1,0,0,0,1.5,0.5
20151205,0,0.0,0,0,1,0,0,0,6.5,3.0
20151206,0,0.0,0,1,0,0,1,1,123.5,11.0
20151207,0,0.0,0,0,1,0,0,0,17.0,4.0
20151208,0,0.0,0,0,1,0,1,0,47.5,4.0
20151209,0,0.0,0,1,1,0,1,1,61.0,12.0
20151210,0,0.0,1,1,0,0,1,1,48.5,18.0
20151211,0,0.0,1,0,1,0,0,0,20.0,4.0
20151212,0,0.0,1,0,1,0,0,1,32.0,13.0
20151213,0,0.0,1,0,1,0,0,0,10.5,3.0
20151214,0,0.0,1,0,1,0,1,0,48.0,7.5
20151215,0,0.0,1,0,0,0,1,0,59.0,7.0
20151216,0,0.0,1,0,0,0,0,0,5.5,1.5
20151217,0,0.0,1,0,1,0,0,0,0.5,0.5
20151218,0,0.0,1,0,1,0,0,0,1.6000000000000003,0.6
20151219,0,0.0,1,0,0,0,1,0,45.5,8.5
20151220,0,0.0,0,0,0,0,0,0,1.0,1.0
20151221,0,0.0,0,0,1,0,0,0,1.5,1.0
20151222,0,0.0,0,0,0,0,0,0,0.0,0.0
20151223,0,0.0,0,1,0,0,0,0,0.5,0.5
20151224,0,0.0,0,1,0,0,0,0,6.5,3.0
20151225,0,0.0,0,0,0,0,1,0,89.5,9.5
20151226,0,0.0,0,0,1,0,0,0,2.0,1.0
20151227,0,0.0,0,0,1,0,0,0,39.0,7.0
20151228,0,0.0,0,0,1,0,0,0,17.5,3.5
20151229,0,0.0,0,0,1,0,0,0,8.0,4.5
20151230,0,0.0,0,0,1,0,1,0,64.5,6.5
20151231,0,0.0,0,0,1,0,0,0,16.0,4.0
20160101,0,0.0,0,0,0,0,0,0,2.0,1.0
20160102,0,0.0,0,0,0,0,0,0,1.0,0.5
20160103,0,0.0,0,0,0,0,0,0,18.5,7.0
20160104,0,0.0,0,0,0,0,0,1,29.5,17.5
20160105,0,0.0,0,1,0,0,0,0,14.5,6.5
20160106,0,0.0,0,1,0,0,1,1,48.0,20.5
20160107,0,0.0,0,0,1,0,0,0,16.0,3.5
20160108,0,0.0,0,0,1,0,0,0,19.5,5.5
20160109,0,0.0,0,0,1,0,0,0,6.5,1.5
20160110,0,0.0,0,0,1,0,0,0,0.5,0.5
20160111,0,0.0,0,1,0,0,1,1,48.0,16.0
20160112,0,0.0,0,0,1,0,1,1,83.5,10.0
20160113,0,0.0,0,0,1,0,1,0,83.0,7.0
20160114,0,0.0,0,0,1,0,0,0,6.5,2.0
20160115,0,0.0,0,0,1,0,0,0,6.5,1.5
20160116,0,0.0,0,0,0,0,0,0,13.0,4.8
20160117,0,0.0,0,1,0,0,1,1,50.5,12.0
20160118,0,0.0,0,0,1,0,0,0,5.5,2.0
20160119,0,0.0,0,0,1,0,0,0,25.5,5.0
20160120,0,0.0,0,0,1,0,0,0,37.5,4.5
20160121,0,0.0,0,1,1,0,1,0,72.5,9.5
20160122,0,0.0,0,0,1,0,1,1,114.0,10.5
20160123,1,0.0,0,0,0,0,1,0,102.5,9.5
20160124,1,0.0,0,0,0,0,1,1,58.0,52.0
20160125,1,0.0,0,0,1,0,1,1,74.5,74.5
20160126,0,0.0,0,0,0,0,0,0,0.5,0.5
20160127,0,0.0,0,0,0,0,0,0,4.5,1.5
20160128,0,0.0,0,1,0,0,0,0,12.5,6.0
20160129,0,0.0,0,1,1,0,1,1,47.0,11.0
20160130,0,0.0,0,0,1,0,0,0,38.5,8.0
20160131,0,0.0,0,0,1,0,0,1,38.0,11.0
20160201,0,0.0,0,0,0,0,1,1,111.5,18.0
20160202,0,0.0,0,0,1,0,1,1,93.5,15.5
20160203,0,0.0,0,0,1,0,1,1,54.5,14.5
20160204,0,0.0,0,0,1,0,1,0,69.0,8.5
20160205,0,0.0,0,0,0,0,1,0,73.0,6.0
20160206,1,0.0,0,0,0,0,0,0,9.5,2.5
20160207,1,0.0,0,0,0,0,0,0,0.0,0.0
20160208,1,0.0,0,0,0,0,0,0,0.5,0.5
20160209,0,0.0,0,0,0,0,0,0,0.0,0.0
20160210,0,0.0,0,0,0,0,0,0,0.0,0.0
20160211,0,0.0,0,0,0,0,0,0,2.0,1.0
20160212,0,0.0,0,0,0,0,0,0,0.0,0.0
20160213,0,0.0,0,0,0,0,0,0,0.0,0.0
20160214,0,0.0,0,1,0,0,1,1,90.5,18.0
20160215,0,0.0,0,0,1,0,0,0,23.0,4.5
20160216,0,0.0,0,0,1,0,0,0,6.0,1.5
20160217,0,0.0,0,0,1,0,0,0,17.5,5.0
20160218,0,0.0,0,0,1,0,1,0,41.0,9.0
20160219,0,0.0,0,1,0,0,1,1,41.0,26.5
20160220,0,0.0,0,0,1,0,0,0,7.0,2.0
20160221,0,0.0,0,0,0,0,0,0,0.5,0.5
20160222,0,0.0,0,1,0,0,0,0,1.5,1.5
20160223,0,0.0,0,1,1,0,1,0,61.0,6.0
20160224,0,0.0,0,0,1,0,1,0,61.0,7.0
20160225,0,0.0,0,0,1,0,0,0,19.0,2.5
20160226,0,0.0,0,0,1,0,1,0,51.5,4.5
20160227,0,0.0,0,1,1,0,1,1,86.5,14.0
20160228,0,0.0,0,0,1,0,0,0,1.0,0.5
20160229,0,0.0,0,0,1,0,0,0,0.5,0.5
20160301,0,0.0,0,0,0,0,0,0,0.0,0.0
20160302,0,0.0,0,0,0,0,0,0,0.0,0.0
20160303,0,0.0,0,0,0,0,0,0,0.0,0.0
20160304,0,0.0,0,0,0,0,0,0,0.0,0.0
20160305,0,0.0,0,0,0,0,0,0,0.0,0.0
20160306,0,0.0,0,0,0,0,0,0,0.0,0.0
20160307,0,0.0,0,0,0,0,0,0,0.0,0.0
20160308,0,0.0,0,0,0,0,0,0,2.0,1.5
20160309,0,0.0,0,1,1,0,1,0,77.5,9.0
20160310,0,0.0,0,0,1,0,1,1,124.5,11.0
20160311,0,0.0,0,0,1,0,1,0,47.0,7.5
20160312,0,0.0,0,0,0,0,0,0,39.5,8.0
20160313,0,0.0,0,0,0,0,1,1,63.5,14.5
20160314,0,0.0,0,0,1,0,0,0,24.5,7.5
20160315,0,0.0,0,0,0,0,0,0,26.5,3.5
20160316,0,0.0,0,0,0,0,0,0,13.0,4.0
20160317,0,0.0,0,0,0,0,0,0,5.0,2.5
20160318,0,0.0,0,0,0,0,0,1,35.9,10.5
20160319,0,0.0,0,1,1,0,0,1,24.5,18.5
20160320,0,0.0,0,0,1,0,0,0,4.0,3.0
20160321,0,0.0,0,0,1,0,0,0,10.5,2.0
20160322,0,0.0,0,0,0,0,0,0,2.0,1.5
20160323,0,0.0,0,1,0,0,1,0,61.5,7.5
20160324,0,0.0,0,0,0,0,0,0,21.5,3.5
20160325,1,0.0,0,0,0,0,1,0,41.5,5.0
20160326,0,0.0,0,0,1,0,0,0,0.5,0.5
20160327,1,0.0,0,0,1,0,0,0,5.0,4.0
20160328,0,0.0,0,0,0,0,0,0,0.0,0.0
20160329,0,0.0,0,0,0,0,0,0,0.0,0.0
20160330,0,0.0,0,0,0,0,0,0,0.0,0.0
20160331,0,0.0,0,1,1,0,0,0,1.0,0.5
20160401,0,0.0,0,0,0,0,0,0,0.0,0.0
20160402,0,0.0,0,0,0,0,0,0,0.5,0.5
20160403,0,0.0,0,0,0,0,0,0,0.0,0.0
20160404,0,0.0,0,0,0,0,0,0,0.5,0.5
20160405,0,0.0,0,0,0,0,0,0,0.0,0.0
20160406,0,0.0,0,0,0,0,0,0,0.0,0.0
20160407,0,0.0,0,0,0,0,0,0,0.5,0.5
20160408,0,0.0,0,1,0,0,0,0,1.5,0.5
20160409,0,0.0,0,1,0,0,0,0,1.0,0.5
20160410,0,0.0,0,1,1,0,0,1,24.0,12.0
20160411,0,0.0,0,1,1,0,0,1,34.0,11.5
20160412,0,0.0,0,1,0,0,0,0,8.5,8.0
20160413,0,0.0,0,1,0,0,1,1,76.5,18.0
20160414,0,0.0,0,1,1,0,0,1,38.0,13.5
20160415,0,0.0,0,1,0,0,0,1,20.0,10.0
20160416,0,0.0,0,0,0,0,0,0,0.5,0.5
20160417,0,0.0,0,1,1,0,0,1,19.5,14.0
20160418,0,0.0,0,1,1,0,0,1,31.5,18.5
20160419,0,0.0,0,0,0,0,0,0,0.5,0.5
20160420,0,0.0,0,0,0,0,0,0,0.0,0.0
20160421,0,0.0,0,0,0,0,0,0,0.0,0.0
20160422,0,0.0,0,1,0,0,1,1,137.5,67.5
20160423,0,0.0,0,0,0,0,1,1,53.0,40.0
20160424,0,0.0,0,1,0,0,0,0,6.0,4.0
20160425,0,0.0,0,1,0,0,0,1,35.0,20.5
20160426,0,0.0,0,1,0,0,0,0,13.5,7.5
20160427,0,0.0,0,1,0,0,1,1,88.0,56.5
20160428,0,0.0,0,0,1,0,1,1,56.5,40.0
20160429,0,0.0,0,0,1,0,0,0,0.0,0.0
20160430,0,0.0,0,0,0,0,0,0,3.0,1.0
20160501,0,0.0,0,0,0,1,0,0,6.0,1.5
20160502,0,0.0,0,0,0,1,0,0,2.0,2.0
20160503,0,0.0,0,1,0,1,0,1,20.5,20.5
20160504,0,0.0,0,0,0,1,0,0,3.0,3.0
20160505,0,0.0,0,0,0,1,1,1,95.0,59.0
20160506,0,0.0,0,0,0,1,0,0,1.5,1.0
20160507,0,0.0,0,0,0,0,0,1,23.5,13.5
20160508,0,0.0,0,0,0,1,1,1,47.0,27.5
20160509,0,0.0,0,0,0,1,1,1,51.0,50.0
20160510,0,0.0,0,0,0,1,0,1,39.0,25.0
20160511,0,0.0,0,1,1,1,1,1,50.0,27.0
20160512,0,0.0,0,1,0,1,0,0,0.0,0.0
20160513,0,0.0,0,0,0,0,1,1,72.0,46.5
20160514,0,0.0,0,0,0,0,0,0,15.0,9.0
20160515,0,0.0,0,0,0,1,1,1,109.0,89.0
20160516,0,0.0,0,1,1,0,1,1,116.0,56.0
20160517,0,0.0,0,0,1,1,0,0,8.0,4.0
20160518,0,0.0,0,0,1,0,0,0,6.5,2.5
20160519,0,0.0,0,1,0,1,0,0,1.0,0.5
20160520,0,0.0,0,0,0,1,0,0,0.0,0.0
20160521,0,0.0,0,1,0,1,0,0,3.5,1.0
20160522,0,0.0,0,1,1,1,0,0,3.0,3.0
20160523,0,0.0,0,1,1,1,1,1,40.10000000000001,23.5
20160524,0,0.0,0,1,1,1,0,0,17.5,6.5
20160525,0,0.0,0,0,0,0,0,0,1.5,1.0
20160526,0,0.0,1,0,0,0,0,0,9.0,7.0
20160527,0,0.0,1,0,0,1,1,1,108.5,48.0
20160528,0,0.0,1,0,0,1,1,1,40.5,40.0
20160529,0,0.0,0,0,0,1,0,0,0.5,0.5
20160530,0,0.0,0,1,0,1,1,1,66.0,32.5
20160531,0,0.0,0,0,0,1,0,0,5.5,5.5
20160601,0,0.0,0,0,0,1,0,0,0.0,0.0
20160602,0,0.0,0,1,0,1,1,1,140.0,73.0
20160603,0,0.0,0,0,0,1,0,0,13.5,8.0
20160604,0,0.0,0,1,0,1,0,0,0.5,0.5
20160605,0,0.0,0,1,0,1,1,1,155.5,76.5
20160606,0,0.0,0,1,0,1,0,1,34.5,26.5
20160607,0,0.0,0,1,0,1,0,1,35.5,26.0
20160608,0,0.0,0,0,0,1,0,1,29.5,27.5
20160609,0,0.0,0,0,0,1,1,1,54.0,36.5
20160610,0,0.0,0,0,0,1,0,1,37.5,29.0
20160611,0,0.0,0,0,0,1,0,0,7.299999999999999,4.4
20160612,0,0.0,0,0,0,1,0,0,2.0,1.5
20160613,0,0.0,0,0,0,1,1,1,83.0,21.5
20160614,0,0.0,0,1,0,1,1,1,91.5,25.5
20160615,0,0.0,0,0,0,1,0,0,0.5,0.5
20160616,0,0.0,0,0,0,1,0,0,0.0,0.0
20160617,0,0.0,0,1,0,1,1,1,142.5,79.0
20160618,0,0.0,0,0,0,0,1,1,77.5,63.0
20160619,0,0.0,0,0,0,0,0,0,1.0,1.0
20160620,0,0.0,0,0,0,0,1,1,55.0,45.0
20160621,0,0.0,0,0,0,0,1,1,91.0,56.0
20160622,0,0.0,0,0,0,0,0,1,22.0,20.5
20160623,0,0.0,0,0,0,0,0,0,11.0,9.0
20160624,0,0.0,0,0,0,0,1,1,55.0,43.0
20160625,0,0.0,0,0,0,0,1,1,51.5,34.5
20160626,0,0.0,0,0,0,0,1,1,66.0,48.0
20160627,0,0.0,0,0,0,0,0,1,37.5,31.5
20160628,0,0.0,0,0,0,0,1,1,118.5,81.5
20160629,0,0.0,0,0,0,1,1,1,143.5,71.5
20160630,0,0.0,0,0,0,1,0,0,7.0,7.0
20160701,0,0.0,0,0,0,1,0,1,28.0,15.0
20160702,0,0.0,1,0,0,1,1,1,64.5,51.0
20160703,0,0.0,1,0,0,1,1,1,71.0,64.0
20160704,0,0.0,1,0,0,1,0,0,1.5,1.5
20160705,0,0.0,1,0,0,0,0,1,11.5,11.0
20160706,0,1.0,1,0,0,0,0,0,4.0,3.5
20160707,0,1.0,1,0,0,0,0,1,39.5,13.5
20160708,0,1.0,1,0,0,0,1,1,166.0,52.5
20160709,0,1.0,1,0,0,1,1,1,53.0,31.5
20160710,0,0.0,1,0,0,1,1,1,84.0,53.0
20160711,0,0.0,0,0,0,1,1,1,68.0,41.0
20160712,0,0.0,0,0,0,1,1,1,56.5,35.5
20160713,0,0.0,0,0,0,1,0,1,14.5,10.5
20160714,0,0.0,0,0,0,1,1,1,59.0,37.5
20160715,0,0.0,0,0,0,1,0,0,0.5,0.5
20160716,0,0.0,1,0,0,1,0,0,4.5,4.5
20160717,0,0.0,1,0,0,1,1,1,51.0,29.0
20160718,0,0.0,1,0,0,1,1,1,73.5,64.5
20160719,0,0.0,1,0,0,1,1,1,50.0,41.0
20160720,0,0.0,0,0,0,1,1,1,90.5,86.5
20160721,0,0.0,0,0,0,0,0,0,0.5,0.5
20160722,0,0.0,1,0,0,0,0,0,0.0,0.0
20160723,0,0.0,1,0,0,0,0,0,0.0,0.0
20160724,0,0.0,1,0,0,0,0,0,7.0,4.5
20160725,0,0.0,1,0,0,0,0,0,0.5,0.5
20160726,0,0.0,1,0,0,0,0,0,0.5,0.5
20160727,0,0.0,1,0,0,1,0,0,0.0,0.0
20160728,0,0.0,1,0,0,1,0,0,0.0,0.0
20160729,0,0.0,1,0,0,1,0,0,0.0,0.0
20160730,0,0.0,1,0,0,0,0,0,2.0,2.0
20160731,0,0.0,1,0,0,0,0,0,5.0,3.5
20160801,0,0.0,1,0,0,1,0,1,31.5,20.5
20160802,0,0.0,1,0,0,1,1,1,56.5,41.5
20160803,0,0.0,1,0,0,0,0,1,25.0,19.5
20160804,0,0.0,1,0,0,0,0,0,1.0,0.5
20160805,0,0.0,1,0,0,1,0,0,0.0,0.0
20160806,0,0.0,1,0,0,1,0,1,14.5,13.5
20160807,0,0.0,1,0,0,1,0,1,33.0,20.5
20160808,0,0.0,1,0,0,0,0,0,6.0,5.5
20160809,0,0.0,1,0,0,0,0,1,29.0,18.5
20160810,0,0.0,1,0,0,1,1,1,51.0,22.5
20160811,0,0.0,1,0,0,1,1,1,66.0,25.5
20160812,0,0.0,1,0,0,1,0,1,14.0,10.0
20160813,0,0.0,1,0,0,1,0,0,13.0,5.0
20160814,0,0.0,1,0,0,1,0,0,0.0,0.0
20160815,0,0.0,1,0,0,1,0,0,0.0,0.0
20160816,0,0.0,1,0,0,1,0,0,1.0,1.0
20160817,0,0.0,1,0,0,1,0,1,27.5,15.0
20160818,0,0.0,1,0,0,1,0,1,19.7,15.0
20160819,0,0.0,1,0,0,1,1,1,97.5,67.5
20160820,0,0.0,1,0,0,1,0,1,21.0,18.0
20160821,0,0.0,1,0,0,0,0,0,2.0,1.5
20160822,0,0.0,1,0,0,0,0,0,0.0,0.0
20160823,0,0.0,1,0,0,0,0,0,9.5,8.0
20160824,0,0.0,1,0,0,0,0,0,0.0,0.0
20160825,0,0.0,1,0,0,1,0,0,0.0,0.0
20160826,0,0.0,1,0,0,1,0,0,3.0,3.0
20160827,0,0.0,1,0,0,1,1,1,55.5,27.0
20160828,0,0.0,1,0,0,1,1,1,55.5,35.5
20160829,0,0.0,1,0,0,1,0,0,0.5,0.5
20160830,0,0.0,1,0,0,1,0,0,0.0,0.0
20160831,0,0.0,1,0,0,1,0,0,0.0,0.0
20160901,0,0.0,1,0,0,1,0,0,0.0,0.0
20160902,0,0.0,1,0,0,1,1,1,61.5,23.5
20160903,0,0.0,1,0,0,1,1,1,86.3,42.0
20160904,0,0.0,1,0,1,1,1,1,70.5,26.5
20160905,0,0.0,1,0,1,1,1,1,48.5,24.0
20160906,0,0.0,1,0,0,1,1,1,62.0,44.0
20160907,0,0.0,1,0,0,1,0,1,21.0,14.0
20160908,0,0.0,1,0,0,1,1,1,93.0,69.5
20160909,0,0.0,1,1,0,1,1,1,193.5,64.5
20160910,0,0.0,1,1,0,1,1,1,90.0,35.5
20160911,0,0.0,1,0,0,0,1,1,90.0,55.5
20160912,0,1.0,1,1,0,0,1,1,57.0,25.0
20160913,0,1.0,1,0,0,0,0,1,35.0,30.0
20160914,0,1.0,1,0,0,1,1,1,144.0,27.5
20160915,0,1.0,1,0,0,1,1,1,97.0,33.0
20160916,0,1.0,1,0,0,0,0,1,24.0,13.0
20160917,0,1.0,1,0,0,0,1,1,239.5,35.5
20160918,0,1.0,1,0,0,0,1,1,102.80000000000001,17.5
20160919,0,0.0,1,0,0,0,0,0,10.0,7.0
20160920,0,0.0,1,0,1,0,0,1,36.5,13.5
20160921,0,0.0,0,0,1,0,0,0,6.5,5.0
20160922,0,0.0,1,0,0,0,0,1,33.0,12.0
20160923,0,0.0,1,0,0,0,0,0,14.5,6.0
20160924,0,0.0,1,0,1,0,0,0,2.0,2.0
20160925,0,1.0,1,0,1,0,0,1,22.5,12.0
20160926,0,1.0,1,0,1,0,1,1,50.5,10.0
20160927,0,1.0,1,0,0,1,1,1,534.5,153.0
20160928,0,1.0,1,0,0,1,1,1,46.0,26.0
20160929,0,0.0,1,0,0,1,0,0,11.0,9.0
20160930,0,0.0,1,0,0,1,0,1,29.5,16.5
20161001,0,0.0,1,0,0,0,0,0,3.0,2.0
20161002,0,0.0,1,0,0,0,0,0,1.5,1.5
20161003,0,0.0,1,0,0,0,0,0,5.0,2.5
20161004,0,0.0,1,0,0,0,0,0,2.0,2.0
20161005,0,1.0,1,0,1,0,0,0,13.5,5.0
20161006,0,1.0,1,0,0,0,1,1,68.0,35.5
20161007,0,0.0,1,0,0,0,1,1,165.0,28.0
20161008,0,0.0,1,0,1,0,1,1,132.0,85.0
20161009,0,0.0,1,1,1,0,1,1,552.5,53.5
20161010,0,0.0,1,1,1,0,1,1,398.0,51.0
20161011,0,0.0,1,0,1,0,1,1,146.5,21.0
20161012,0,0.0,1,1,1,0,1,1,359.5,46.5
20161013,0,0.0,1,0,1,0,1,1,62.9,10.2
20161014,0,0.0,1,0,1,0,1,1,80.5,16.0
20161015,0,0.0,1,0,0,0,1,1,148.5,45.5
20161016,0,0.0,1,0,0,0,0,1,33.5,11.5
20161017,0,0.0,1,0,0,0,1,1,96.0,33.0
20161018,0,0.0,1,0,0,0,1,1,67.5,22.0
20161019,0,0.0,1,0,0,0,1,1,44.5,17.0
20161020,0,0.0,1,0,0,0,1,1,106.5,36.0
20161021,0,0.0,1,0,0,0,1,1,88.0,29.5
20161022,0,0.0,1,0,0,0,1,1,42.5,38.0
20161023,0,0.0,1,1,0,0,0,1,32.0,18.5
20161024,0,0.0,1,0,0,0,1,1,47.5,18.0
20161025,0,0.0,1,0,0,0,0,0,0.0,0.0
20161026,0,0.0,1,0,0,0,0,0,2.5,2.0
20161027,0,0.0,0,0,0,0,0,0,0.0,0.0
20161028,0,0.0,0,0,1,0,0,0,2.0,2.0
20161029,0,0.0,0,0,1,0,1,1,123.5,29.5
20161030,0,0.0,1,0,1,0,0,0,32.0,4.0
20161031,0,0.0,1,0,1,0,0,0,5.5,1.0
20161101,0,0.0,1,0,1,0,1,0,66.1,9.3
20161102,0,0.0,1,0,1,0,0,0,23.600000000000005,3.5
20161103,0,0.0,1,0,1,0,1,0,41.5,4.0
20161104,0,0.0,1,0,1,0,1,1,86.5,33.5
20161105,0,0.0,1,0,0,0,0,0,0.5,0.5
20161106,0,0.0,1,0,0,0,0,0,3.0,3.0
20161107,0,0.0,1,0,0,0,0,0,6.5,3.5
20161108,0,0.0,1,1,0,0,1,1,175.0,21.0
20161109,0,0.0,1,0,1,0,1,1,46.0,10.0
20161110,0,0.0,1,0,1,0,1,0,52.0,9.5
20161111,0,0.0,1,0,0,0,0,0,0.5,0.5
20161112,0,0.0,1,0,0,0,0,0,0.0,0.0
20161113,0,0.0,1,0,0,0,0,0,0.0,0.0
20161114,0,0.0,0,0,0,0,0,0,0.0,0.0
20161115,0,0.0,0,0,1,0,0,0,4.5,3.0
20161116,0,0.0,0,0,1,0,0,0,3.5,1.5
20161117,0,0.0,0,0,0,0,0,0,0.5,0.5
20161118,0,0.0,0,0,0,0,0,0,7.5,3.5
20161119,0,0.0,0,0,0,0,0,0,1.0,1.0
20161120,0,0.0,0,0,0,0,0,0,20.0,8.5
20161121,0,0.0,0,1,0,0,0,0,22.0,8.5
20161122,0,0.0,0,0,1,0,1,1,120.0,31.5
20161123,0,0.0,1,0,1,0,1,1,223.0,22.5
20161124,0,0.0,1,0,1,0,1,1,151.5,13.5
20161125,0,0.0,1,0,0,0,1,1,56.5,10.5
20161126,0,0.0,1,0,0,0,0,1,33.0,10.7
20161127,0,0.0,1,1,1,0,0,0,30.5,6.5
20161128,0,0.0,1,0,1,0,0,0,1.5,0.5
20161129,0,0.0,0,0,1,0,0,0,26.0,4.5
20161130,0,0.0,0,0,1,0,0,1,28.5,15.0
20161201,0,0.0,0,0,1,0,1,1,157.5,16.5
20161202,0,0.0,0,0,1,0,1,0,40.0,4.5
20161203,0,0.0,0,0,1,0,0,1,38.5,11.5
20161204,0,0.0,0,0,1,0,0,0,3.5,2.5
20161205,0,0.0,0,0,1,0,0,0,14.5,7.0
20161206,0,0.0,0,0,1,0,0,0,0.5,0.5
20161207,0,0.0,0,0,1,0,0,0,1.5,0.5
20161208,0,0.0,0,0,1,0,0,0,28.0,4.5
20161209,0,0.0,0,0,1,0,0,0,6.5,4.0
20161210,0,0.0,0,0,1,0,1,0,55.0,9.5
20161211,0,0.0,0,0,0,0,1,1,48.5,11.0
20161212,0,0.0,1,0,0,0,0,1,18.0,18.0
20161213,0,0.0,1,0,0,0,0,0,3.5,3.5
20161214,0,0.0,0,0,0,0,0,0,24.0,6.0
20161215,0,0.0,0,0,0,0,0,0,23.5,3.0
20161216,0,0.0,0,0,1,0,0,0,1.5,0.5
20161217,0,0.0,0,0,0,0,0,0,3.0,3.0
20161218,0,0.0,0,0,0,0,0,0,0.0,0.0
20161219,0,0.0,0,0,0,0,0,0,1.0,1.0
20161220,0,0.0,1,0,0,0,0,0,19.0,3.0
20161221,0,0.0,1,0,0,0,0,0,7.5,2.5
20161222,0,0.0,1,1,1,0,1,0,44.0,9.0
20161223,0,0.0,1,0,1,0,0,0,0.5,0.5
20161224,0,0.0,1,0,0,0,0,0,1.5,1.5
20161225,0,0.0,1,0,0,0,0,0,7.0,3.5
20161226,0,0.0,1,0,0,0,0,0,3.5,1.5
20161227,0,0.0,1,0,1,0,1,1,152.5,33.5
20161228,0,0.0,1,0,1,0,0,0,15.600000000000001,2.3
20161229,0,0.0,0,0,1,0,0,0,11.0,4.0
20161230,0,0.0,0,0,1,0,0,0,3.0,1.5
20161231,0,0.0,0,0,0,0,0,0,15.5,5.0
